-- AP 管理
SET IDENTITY_INSERT dbo.AP ON;
insert into Ap (apId,apEName,apCName,apCat,apUrl,apSort) values (1,'CodeMain','代碼管理','CAT1','/app/admin/CodeMain/list/codeMain?ajax=1',0);
insert into Ap (apId,apEName,apCName,apCat,apUrl,apSort) values (2,'Ap','AP管理','CAT1','/app/admin/Ap/list/ap?ajax=0',1);
insert into Ap (apId,apEName,apCName,apCat,apUrl,apSort) values (4,'InfoUser','使用者管理','CAT1','/app/admin/InfoUser/list/infoUser?ajax=0',2);
insert into Ap (apId,apEName,apCName,apCat,apUrl,apSort) values (5,'Dept','組織管理','CAT1','/app/admin/Dept/list/dept?ajax=1',3);
insert into Ap (apId,apEName,apCName,apCat,apUrl,apSort) values (6,'ApCat','AP類別管理','CAT1','/app/admin/ApCat/list/apCat?ajax=0',4);
insert into Ap (apId,apEName,apCName,apCat,apUrl,apSort) values (7,'Ugrp','權限群組管理','CAT1','/app/admin/Ugrp/list/ugrp?ajax=0',2);
insert into Ap (apId,apEName,apCName,apCat,apUrl,apSort) values (9,'CodeMetaDef','代碼群組管理','CAT1','/app/admin/CodeMetaDef/list/codeMetaDef?ajax=0',0);
insert into Ap (apId,apEName,apCName,apCat,apUrl,apSort) values (13,'PostData','資料上稿','CAT6','/app/page/AddShowFormAction/insert/AddShowFormType?ajax=0',0);
insert into Ap (apId,apEName,apCName,apCat,apUrl,apSort) values (18,'ReviewData','資料審稿','CAT6','/app/page/ListShowFormAction/list/dataSetReview',0);
insert into Ap (apId,apEName,apCName,apCat,apUrl,apSort) values (19,'LayoutManager','版面管理','CAT4','/app/cms/TreeList/list',0);
insert into Ap (apId,apEName,apCName,apCat,apUrl,apSort) values (20,'directoryManager','目錄樹管理','CAT4','/app/cms/TreeList/list/tree',0);
insert into Ap (apId,apEName,apCName,apCat,apUrl,apSort) values (21,'Shelves','上架管理','CAT6','/app/page/Shelves/shelvesSelect',0);
insert into Ap (apId,apEName,apCName,apCat,apUrl,apSort) values (22,'Member','會員管理','CAT5','/app/page/ListShowFormAction/list/memberList',100);
insert into Ap (apId,apEName,apCName,apCat,apUrl,apSort) values (23,'Coin','今幣管理','CAT5','/app/page/ListShowFormAction/list/bonusList',100);
insert into Ap (apId,apEName,apCName,apCat,apUrl,apSort) values (24,'Order','訂單管理','CAT5','/app/page/ListShowFormAction/list/orderList',100);
insert into Ap (apId,apEName,apCName,apCat,apUrl,apSort) values (25,'logistic','出貨管理','CAT5','/app/page/ListShowFormAction/list/logisticList',100);
insert into Ap (apId,apEName,apCName,apCat,apUrl,apSort) values (26,'PaymentManagement','請款管理','CAT5','/app/cms/PaymentManagement/list',100);
insert into Ap (apId,apEName,apCName,apCat,apUrl,apSort) values (27,'report','報表管理','CAT5','/app/order/report/show',100);
insert into Ap (apId,apEName,apCName,apCat,apUrl,apSort) values (28,'promoSet','促販管理','CAT5','/app/page/promoset/list',100);




insert into ApCat (apCatId,apCatCName,apCatEName,apCatSort,apCatIconUrl) values ('CAT1','系統管理','',0,'menu01');
insert into ApCat (apCatId,apCatCName,apCatEName,apCatSort,apCatIconUrl) values ('CAT2','開發管理','',9,'menu02');
insert into ApCat (apCatId,apCatCName,apCatEName,apCatSort,apCatIconUrl) values ('CAT3','介接發布管理','',9,'menu03');
insert into ApCat (apCatId,apCatCName,apCatEName,apCatSort,apCatIconUrl) values ('CAT4','內容管理','',0,'menu04');
insert into ApCat (apCatId,apCatCName,apCatEName,apCatSort,apCatIconUrl) values ('CAT5','經營管理','',9,'menu05');
insert into ApCat (apCatId,apCatCName,apCatEName,apCatSort,apCatIconUrl) values ('CAT6','資料管理','',0,'menu06');
insert into ApCat (apCatId,apCatCName,apCatEName,apCatSort,apCatIconUrl) values ('CAT7','擴充功能','',9,'menu07');
insert into ApCat (apCatId,apCatCName,apCatEName,apCatSort,apCatIconUrl) values ('TEST','測試','',100,'');

-- 權限管理
SET IDENTITY_INSERT dbo.Ugrp ON;
insert into Ugrp (ugrpId,ugrpName,remark) values (2,'測試','測試用');
insert into Ugrp (ugrpId,ugrpName,remark) values (20,'0315','0315');
insert into Ugrp (ugrpId,ugrpName,remark) values (21,'0318','0318test');
insert into Ugrp (ugrpId,ugrpName,remark) values (22,'全部權限','全部權限');
insert into Ugrp (ugrpId,ugrpName,remark) values (23,'上稿人員','上稿人員');
insert into Ugrp (ugrpId,ugrpName,remark) values (24,'資料上架','上架人員');
insert into Ugrp (ugrpId,ugrpName,remark) values (27,'TEST','測試');
SET IDENTITY_INSERT dbo.Ugrp OFF;

insert into UgrpAp (ugrpId,apId,apFunc) values (2,1,255);
insert into UgrpAp (ugrpId,apId,apFunc) values (2,2,0);
insert into UgrpAp (ugrpId,apId,apFunc) values (2,4,0);
insert into UgrpAp (ugrpId,apId,apFunc) values (2,5,0);
insert into UgrpAp (ugrpId,apId,apFunc) values (2,6,0);
insert into UgrpAp (ugrpId,apId,apFunc) values (2,7,0);
insert into UgrpAp (ugrpId,apId,apFunc) values (2,9,0);
insert into UgrpAp (ugrpId,apId,apFunc) values (2,13,255);
insert into UgrpAp (ugrpId,apId,apFunc) values (2,18,0);
insert into UgrpAp (ugrpId,apId,apFunc) values (2,19,0);
insert into UgrpAp (ugrpId,apId,apFunc) values (2,20,0);
insert into UgrpAp (ugrpId,apId,apFunc) values (2,21,0);
insert into UgrpAp (ugrpId,apId,apFunc) values (2,22,0);
insert into UgrpAp (ugrpId,apId,apFunc) values (2,23,0);
insert into UgrpAp (ugrpId,apId,apFunc) values (2,24,0);
insert into UgrpAp (ugrpId,apId,apFunc) values (2,25,0);
insert into UgrpAp (ugrpId,apId,apFunc) values (2,26,0);
insert into UgrpAp (ugrpId,apId,apFunc) values (2,27,0);
insert into UgrpAp (ugrpId,apId,apFunc) values (2,28,0);
insert into UgrpAp (ugrpId,apId,apFunc) values (20,1,255);
insert into UgrpAp (ugrpId,apId,apFunc) values (20,2,255);
insert into UgrpAp (ugrpId,apId,apFunc) values (20,4,255);
insert into UgrpAp (ugrpId,apId,apFunc) values (20,5,255);
insert into UgrpAp (ugrpId,apId,apFunc) values (20,6,255);
insert into UgrpAp (ugrpId,apId,apFunc) values (20,7,255);
insert into UgrpAp (ugrpId,apId,apFunc) values (20,9,255);
insert into UgrpAp (ugrpId,apId,apFunc) values (20,13,255);
insert into UgrpAp (ugrpId,apId,apFunc) values (20,18,255);
insert into UgrpAp (ugrpId,apId,apFunc) values (20,19,255);
insert into UgrpAp (ugrpId,apId,apFunc) values (20,20,255);
insert into UgrpAp (ugrpId,apId,apFunc) values (20,21,255);
insert into UgrpAp (ugrpId,apId,apFunc) values (20,22,0);
insert into UgrpAp (ugrpId,apId,apFunc) values (20,23,255);
insert into UgrpAp (ugrpId,apId,apFunc) values (20,24,0);
insert into UgrpAp (ugrpId,apId,apFunc) values (20,25,0);
insert into UgrpAp (ugrpId,apId,apFunc) values (20,26,0);
insert into UgrpAp (ugrpId,apId,apFunc) values (20,27,0);
insert into UgrpAp (ugrpId,apId,apFunc) values (20,28,0);
insert into UgrpAp (ugrpId,apId,apFunc) values (21,1,0);
insert into UgrpAp (ugrpId,apId,apFunc) values (21,2,0);
insert into UgrpAp (ugrpId,apId,apFunc) values (21,4,0);
insert into UgrpAp (ugrpId,apId,apFunc) values (21,5,0);
insert into UgrpAp (ugrpId,apId,apFunc) values (21,6,0);
insert into UgrpAp (ugrpId,apId,apFunc) values (21,7,0);
insert into UgrpAp (ugrpId,apId,apFunc) values (21,9,0);
insert into UgrpAp (ugrpId,apId,apFunc) values (21,13,0);
insert into UgrpAp (ugrpId,apId,apFunc) values (21,18,0);
insert into UgrpAp (ugrpId,apId,apFunc) values (21,19,0);
insert into UgrpAp (ugrpId,apId,apFunc) values (21,20,0);
insert into UgrpAp (ugrpId,apId,apFunc) values (21,21,0);
insert into UgrpAp (ugrpId,apId,apFunc) values (21,22,0);
insert into UgrpAp (ugrpId,apId,apFunc) values (21,23,0);
insert into UgrpAp (ugrpId,apId,apFunc) values (21,24,0);
insert into UgrpAp (ugrpId,apId,apFunc) values (21,25,0);
insert into UgrpAp (ugrpId,apId,apFunc) values (21,26,0);
insert into UgrpAp (ugrpId,apId,apFunc) values (21,27,0);
insert into UgrpAp (ugrpId,apId,apFunc) values (21,28,0);
insert into UgrpAp (ugrpId,apId,apFunc) values (22,1,255);
insert into UgrpAp (ugrpId,apId,apFunc) values (22,2,255);
insert into UgrpAp (ugrpId,apId,apFunc) values (22,4,255);
insert into UgrpAp (ugrpId,apId,apFunc) values (22,5,255);
insert into UgrpAp (ugrpId,apId,apFunc) values (22,6,255);
insert into UgrpAp (ugrpId,apId,apFunc) values (22,7,255);
insert into UgrpAp (ugrpId,apId,apFunc) values (22,9,255);
insert into UgrpAp (ugrpId,apId,apFunc) values (22,13,255);
insert into UgrpAp (ugrpId,apId,apFunc) values (22,18,255);
insert into UgrpAp (ugrpId,apId,apFunc) values (22,19,255);
insert into UgrpAp (ugrpId,apId,apFunc) values (22,20,255);
insert into UgrpAp (ugrpId,apId,apFunc) values (22,21,255);
insert into UgrpAp (ugrpId,apId,apFunc) values (22,22,255);
insert into UgrpAp (ugrpId,apId,apFunc) values (22,23,255);
insert into UgrpAp (ugrpId,apId,apFunc) values (22,24,255);
insert into UgrpAp (ugrpId,apId,apFunc) values (22,25,255);
insert into UgrpAp (ugrpId,apId,apFunc) values (22,26,255);
insert into UgrpAp (ugrpId,apId,apFunc) values (22,27,255);
insert into UgrpAp (ugrpId,apId,apFunc) values (22,28,255);
insert into UgrpAp (ugrpId,apId,apFunc) values (23,1,0);
insert into UgrpAp (ugrpId,apId,apFunc) values (23,2,0);
insert into UgrpAp (ugrpId,apId,apFunc) values (23,4,0);
insert into UgrpAp (ugrpId,apId,apFunc) values (23,5,0);
insert into UgrpAp (ugrpId,apId,apFunc) values (23,6,0);
insert into UgrpAp (ugrpId,apId,apFunc) values (23,7,0);
insert into UgrpAp (ugrpId,apId,apFunc) values (23,9,0);
insert into UgrpAp (ugrpId,apId,apFunc) values (23,13,255);
insert into UgrpAp (ugrpId,apId,apFunc) values (23,18,0);
insert into UgrpAp (ugrpId,apId,apFunc) values (23,19,0);
insert into UgrpAp (ugrpId,apId,apFunc) values (23,20,0);
insert into UgrpAp (ugrpId,apId,apFunc) values (23,21,0);
insert into UgrpAp (ugrpId,apId,apFunc) values (23,22,0);
insert into UgrpAp (ugrpId,apId,apFunc) values (23,23,0);
insert into UgrpAp (ugrpId,apId,apFunc) values (23,24,0);
insert into UgrpAp (ugrpId,apId,apFunc) values (23,25,0);
insert into UgrpAp (ugrpId,apId,apFunc) values (23,26,0);
insert into UgrpAp (ugrpId,apId,apFunc) values (23,27,0);
insert into UgrpAp (ugrpId,apId,apFunc) values (23,28,0);
insert into UgrpAp (ugrpId,apId,apFunc) values (24,1,0);
insert into UgrpAp (ugrpId,apId,apFunc) values (24,2,0);
insert into UgrpAp (ugrpId,apId,apFunc) values (24,4,0);
insert into UgrpAp (ugrpId,apId,apFunc) values (24,5,0);
insert into UgrpAp (ugrpId,apId,apFunc) values (24,6,0);
insert into UgrpAp (ugrpId,apId,apFunc) values (24,7,0);
insert into UgrpAp (ugrpId,apId,apFunc) values (24,9,0);
insert into UgrpAp (ugrpId,apId,apFunc) values (24,13,0);
insert into UgrpAp (ugrpId,apId,apFunc) values (24,18,0);
insert into UgrpAp (ugrpId,apId,apFunc) values (24,19,0);
insert into UgrpAp (ugrpId,apId,apFunc) values (24,20,0);
insert into UgrpAp (ugrpId,apId,apFunc) values (24,21,255);
insert into UgrpAp (ugrpId,apId,apFunc) values (24,22,0);
insert into UgrpAp (ugrpId,apId,apFunc) values (24,23,0);
insert into UgrpAp (ugrpId,apId,apFunc) values (24,24,0);
insert into UgrpAp (ugrpId,apId,apFunc) values (24,25,0);
insert into UgrpAp (ugrpId,apId,apFunc) values (24,26,0);
insert into UgrpAp (ugrpId,apId,apFunc) values (24,27,0);
insert into UgrpAp (ugrpId,apId,apFunc) values (24,28,0);
insert into UgrpAp (ugrpId,apId,apFunc) values (25,1,10);
insert into UgrpAp (ugrpId,apId,apFunc) values (25,2,0);
insert into UgrpAp (ugrpId,apId,apFunc) values (25,4,0);
insert into UgrpAp (ugrpId,apId,apFunc) values (25,5,0);
insert into UgrpAp (ugrpId,apId,apFunc) values (25,6,0);
insert into UgrpAp (ugrpId,apId,apFunc) values (25,7,0);
insert into UgrpAp (ugrpId,apId,apFunc) values (25,9,0);
insert into UgrpAp (ugrpId,apId,apFunc) values (25,13,0);
insert into UgrpAp (ugrpId,apId,apFunc) values (25,18,0);
insert into UgrpAp (ugrpId,apId,apFunc) values (25,19,0);
insert into UgrpAp (ugrpId,apId,apFunc) values (25,20,0);
insert into UgrpAp (ugrpId,apId,apFunc) values (25,21,0);
insert into UgrpAp (ugrpId,apId,apFunc) values (25,22,0);
insert into UgrpAp (ugrpId,apId,apFunc) values (25,23,0);
insert into UgrpAp (ugrpId,apId,apFunc) values (25,24,0);
insert into UgrpAp (ugrpId,apId,apFunc) values (25,25,0);
insert into UgrpAp (ugrpId,apId,apFunc) values (25,26,0);
insert into UgrpAp (ugrpId,apId,apFunc) values (25,27,0);
insert into UgrpAp (ugrpId,apId,apFunc) values (25,28,0);
insert into UgrpAp (ugrpId,apId,apFunc) values (26,1,255);
insert into UgrpAp (ugrpId,apId,apFunc) values (26,2,0);
insert into UgrpAp (ugrpId,apId,apFunc) values (26,4,0);
insert into UgrpAp (ugrpId,apId,apFunc) values (26,5,0);
insert into UgrpAp (ugrpId,apId,apFunc) values (26,6,0);
insert into UgrpAp (ugrpId,apId,apFunc) values (26,7,0);
insert into UgrpAp (ugrpId,apId,apFunc) values (26,9,0);
insert into UgrpAp (ugrpId,apId,apFunc) values (26,13,0);
insert into UgrpAp (ugrpId,apId,apFunc) values (26,18,0);
insert into UgrpAp (ugrpId,apId,apFunc) values (26,19,0);
insert into UgrpAp (ugrpId,apId,apFunc) values (26,20,0);
insert into UgrpAp (ugrpId,apId,apFunc) values (26,21,0);
insert into UgrpAp (ugrpId,apId,apFunc) values (26,22,0);
insert into UgrpAp (ugrpId,apId,apFunc) values (26,23,0);
insert into UgrpAp (ugrpId,apId,apFunc) values (26,24,0);
insert into UgrpAp (ugrpId,apId,apFunc) values (26,25,0);
insert into UgrpAp (ugrpId,apId,apFunc) values (26,26,0);
insert into UgrpAp (ugrpId,apId,apFunc) values (26,27,0);
insert into UgrpAp (ugrpId,apId,apFunc) values (26,28,0);
insert into UgrpAp (ugrpId,apId,apFunc) values (27,2,0);
insert into UgrpAp (ugrpId,apId,apFunc) values (27,4,0);
insert into UgrpAp (ugrpId,apId,apFunc) values (27,5,0);
insert into UgrpAp (ugrpId,apId,apFunc) values (27,6,0);
insert into UgrpAp (ugrpId,apId,apFunc) values (27,7,0);
insert into UgrpAp (ugrpId,apId,apFunc) values (27,9,0);
insert into UgrpAp (ugrpId,apId,apFunc) values (27,13,0);
insert into UgrpAp (ugrpId,apId,apFunc) values (27,18,0);
insert into UgrpAp (ugrpId,apId,apFunc) values (27,19,0);
insert into UgrpAp (ugrpId,apId,apFunc) values (27,20,0);
insert into UgrpAp (ugrpId,apId,apFunc) values (27,21,0);
insert into UgrpAp (ugrpId,apId,apFunc) values (27,22,0);
insert into UgrpAp (ugrpId,apId,apFunc) values (27,23,0);
insert into UgrpAp (ugrpId,apId,apFunc) values (27,24,0);
insert into UgrpAp (ugrpId,apId,apFunc) values (27,25,0);
insert into UgrpAp (ugrpId,apId,apFunc) values (27,26,0);
insert into UgrpAp (ugrpId,apId,apFunc) values (27,27,0);
insert into UgrpAp (ugrpId,apId,apFunc) values (27,28,0);

--- dept 

insert into Dept (deptSeq,deptId,deptName,deptEName,deptInUse,deptHierarchyCode,deptSort) values (1,'company','今周刊','','1','1',0);
insert into Dept (deptSeq,deptId,deptName,deptEName,deptInUse,deptHierarchyCode,deptSort) values (2,'dept1','銷售事業群','','1','1.2',1);
insert into Dept (deptSeq,deptId,deptName,deptEName,deptInUse,deptHierarchyCode,deptSort) values (3,'dept2','設計事業群','','1','1.3',0);
insert into Dept (deptSeq,deptId,deptName,deptEName,deptInUse,deptHierarchyCode,deptSort) values (4,'dept3','財務部','','1','1.4',0);
insert into Dept (deptSeq,deptId,deptName,deptEName,deptInUse,deptHierarchyCode,deptSort) values (5,'dept4','出納部','','1','1.5',0);
insert into Dept (deptSeq,deptId,deptName,deptEName,deptInUse,deptHierarchyCode,deptSort) values (6,'team3','雜誌設計部','','1','1.3.6',0);
insert into Dept (deptSeq,deptId,deptName,deptEName,deptInUse,deptHierarchyCode,deptSort) values (7,'team1','網路銷售部','','1','1.2.7',0);
insert into Dept (deptSeq,deptId,deptName,deptEName,deptInUse,deptHierarchyCode,deptSort) values (32,'team2','實體銷售部','','1','1.2.32',0);
insert into Dept (deptSeq,deptId,deptName,deptEName,deptInUse,deptHierarchyCode,deptSort) values (33,'team4','網頁設計部','','1','1.3.33',0);
insert into Dept (deptSeq,deptId,deptName,deptEName,deptInUse,deptHierarchyCode,deptSort) values (36,'team5','鏡頭下的人生-張文姿','','1','1.3.36',10);
insert into Dept (deptSeq,deptId,deptName,deptEName,deptInUse,deptHierarchyCode,deptSort) values (37,'dept5','企劃部','','1','1.37',999);
insert into Dept (deptSeq,deptId,deptName,deptEName,deptInUse,deptHierarchyCode,deptSort) values (38,'team1','台股潛規則-賤芭樂','','1','1.37.38',10);
insert into Dept (deptSeq,deptId,deptName,deptEName,deptInUse,deptHierarchyCode,deptSort) values (39,'team2','保險咖啡館-吳宜樺','','1','1.37.39',20);
insert into Dept (deptSeq,deptId,deptName,deptEName,deptInUse,deptHierarchyCode,deptSort) values (40,'team3','創業者的修練-許耀仁','','1','1.37.40',30);
insert into Dept (deptSeq,deptId,deptName,deptEName,deptInUse,deptHierarchyCode,deptSort) values (41,'team4','尋找台灣生命力-小蝸牛','','1','1.37.41',40);
insert into Dept (deptSeq,deptId,deptName,deptEName,deptInUse,deptHierarchyCode,deptSort) values (42,'team5','生活理財實驗室-平凡媽','','1','1.37.42',50);
insert into Dept (deptSeq,deptId,deptName,deptEName,deptInUse,deptHierarchyCode,deptSort) values (43,'team6','投資停看聽-基金野人','','1','1.37.43',60);
insert into Dept (deptSeq,deptId,deptName,deptEName,deptInUse,deptHierarchyCode,deptSort) values (44,'team7','方‧略觀點-林志垚','','1','1.37.44',70);
insert into Dept (deptSeq,deptId,deptName,deptEName,deptInUse,deptHierarchyCode,deptSort) values (45,'team8','客戶吸引力教練-ZOE','','1','1.37.45',80);
insert into Dept (deptSeq,deptId,deptName,deptEName,deptInUse,deptHierarchyCode,deptSort) values (46,'team9','礦工兄弟-陳冠中、陳信宏','','1','1.37.46',90);
insert into Dept (deptSeq,deptId,deptName,deptEName,deptInUse,deptHierarchyCode,deptSort) values (47,'team10','財富＆財負-白富美','','1','1.37.47',100);
insert into Dept (deptSeq,deptId,deptName,deptEName,deptInUse,deptHierarchyCode,deptSort) values (48,'team51','老謝開講-謝金河','','0','1.37.48',5);
insert into Dept (deptSeq,deptId,deptName,deptEName,deptInUse,deptHierarchyCode,deptSort) values (49,'team52','谷月涵看台灣','','0','1.37.49',5);
insert into Dept (deptSeq,deptId,deptName,deptEName,deptInUse,deptHierarchyCode,deptSort) values (59,'p01','陸仁賈','','1','1.3.59',100);
insert into Dept (deptSeq,deptId,deptName,deptEName,deptInUse,deptHierarchyCode,deptSort) values (60,'p02','呂家睿','p02','1','1.3.60',100);
insert into Dept (deptSeq,deptId,deptName,deptEName,deptInUse,deptHierarchyCode,deptSort) values (62,'','看電影學理財-林汎','','1','1.37.62',110);
insert into Dept (deptSeq,deptId,deptName,deptEName,deptInUse,deptHierarchyCode,deptSort) values (63,'','投資心理-佛洛阿水','','1','1.37.63',120);
insert into Dept (deptSeq,deptId,deptName,deptEName,deptInUse,deptHierarchyCode,deptSort) values (64,'','輕理財規劃-Nathan','','1','1.37.64',130);
insert into Dept (deptSeq,deptId,deptName,deptEName,deptInUse,deptHierarchyCode,deptSort) values (65,'','設計實驗室','','1','1.37.65',140);
insert into Dept (deptSeq,deptId,deptName,deptEName,deptInUse,deptHierarchyCode,deptSort) values (66,'','DECO+家','','1','1.37.66',150);
insert into Dept (deptSeq,deptId,deptName,deptEName,deptInUse,deptHierarchyCode,deptSort) values (67,'','科技好好玩','','1','1.37.67',160);
insert into Dept (deptSeq,deptId,deptName,deptEName,deptInUse,deptHierarchyCode,deptSort) values (68,'','生活童話','','1','1.37.68',170);
insert into Dept (deptSeq,deptId,deptName,deptEName,deptInUse,deptHierarchyCode,deptSort) values (69,'','7年級創業家-林修禾','','1','1.37.69',180);
insert into Dept (deptSeq,deptId,deptName,deptEName,deptInUse,deptHierarchyCode,deptSort) values (70,'','倒著看人生-周凡','','1','1.37.70',190);
insert into Dept (deptSeq,deptId,deptName,deptEName,deptInUse,deptHierarchyCode,deptSort) values (71,'','荒野遊俠-賴榮孝','','1','1.37.71',200);
insert into Dept (deptSeq,deptId,deptName,deptEName,deptInUse,deptHierarchyCode,deptSort) values (72,'','大師輕鬆讀','','1','1.37.72',210);
insert into Dept (deptSeq,deptId,deptName,deptEName,deptInUse,deptHierarchyCode,deptSort) values (73,'','學習任意門-思達迪_魏美棻','','1','1.37.73',220);
insert into Dept (deptSeq,deptId,deptName,deptEName,deptInUse,deptHierarchyCode,deptSort) values (74,'','借鏡人生','','1','1.37.74',230);
insert into Dept (deptSeq,deptId,deptName,deptEName,deptInUse,deptHierarchyCode,deptSort) values (75,'','就是要你記住-王鼎琪','','1','1.37.75',240);
insert into Dept (deptSeq,deptId,deptName,deptEName,deptInUse,deptHierarchyCode,deptSort) values (76,'','鏡頭下的人生-張文姿','','1','1.37.76',250);
insert into Dept (deptSeq,deptId,deptName,deptEName,deptInUse,deptHierarchyCode,deptSort) values (77,'','攀峰旋轉梯','','1','1.37.77',260);
insert into Dept (deptSeq,deptId,deptName,deptEName,deptInUse,deptHierarchyCode,deptSort) values (78,'','科技報橘','','1','1.37.78',270);
insert into Dept (deptSeq,deptId,deptName,deptEName,deptInUse,deptHierarchyCode,deptSort) values (79,'','黑傑克','','1','1.37.79',280);
insert into Dept (deptSeq,deptId,deptName,deptEName,deptInUse,deptHierarchyCode,deptSort) values (80,'','Inside','','1','1.37.80',290);
insert into Dept (deptSeq,deptId,deptName,deptEName,deptInUse,deptHierarchyCode,deptSort) values (81,'','心想事成-胡碩勻','','1','1.37.81',300);
insert into Dept (deptSeq,deptId,deptName,deptEName,deptInUse,deptHierarchyCode,deptSort) values (82,'','有物報告','','1','1.37.82',310);
insert into Dept (deptSeq,deptId,deptName,deptEName,deptInUse,deptHierarchyCode,deptSort) values (83,'','運動商學院','','1','1.37.83',320);
insert into Dept (deptSeq,deptId,deptName,deptEName,deptInUse,deptHierarchyCode,deptSort) values (84,'','台灣好農','','1','1.37.84',330);
insert into Dept (deptSeq,deptId,deptName,deptEName,deptInUse,deptHierarchyCode,deptSort) values (85,'','多益職場通','','1','1.37.85',340);
insert into Dept (deptSeq,deptId,deptName,deptEName,deptInUse,deptHierarchyCode,deptSort) values (86,'','財經DJ報MONEYDJ','','1','1.37.86',350);
insert into Dept (deptSeq,deptId,deptName,deptEName,deptInUse,deptHierarchyCode,deptSort) values (87,'','MBA練功房','','1','1.37.87',360);
insert into Dept (deptSeq,deptId,deptName,deptEName,deptInUse,deptHierarchyCode,deptSort) values (88,'','競爭力直升機','','1','1.37.88',370);
insert into Dept (deptSeq,deptId,deptName,deptEName,deptInUse,deptHierarchyCode,deptSort) values (89,'','健康醫點靈','','1','1.37.89',380);
insert into Dept (deptSeq,deptId,deptName,deptEName,deptInUse,deptHierarchyCode,deptSort) values (90,'','理財贏家俱樂部','','1','1.37.90',390);
insert into Dept (deptSeq,deptId,deptName,deptEName,deptInUse,deptHierarchyCode,deptSort) values (91,'','讀蟲小聚','','1','1.37.91',400);
insert into Dept (deptSeq,deptId,deptName,deptEName,deptInUse,deptHierarchyCode,deptSort) values (92,'','投資潛望鏡-財報狗','','1','1.37.92',410);
insert into Dept (deptSeq,deptId,deptName,deptEName,deptInUse,deptHierarchyCode,deptSort) values (93,'','養生大補帖-吳宏乾','','1','1.37.93',420);
insert into Dept (deptSeq,deptId,deptName,deptEName,deptInUse,deptHierarchyCode,deptSort) values (94,'','城市漫步-JESSICA','','1','1.37.94',430);
insert into Dept (deptSeq,deptId,deptName,deptEName,deptInUse,deptHierarchyCode,deptSort) values (95,'','CFP宅急便-TAYLOR','','1','1.37.95',440);
insert into Dept (deptSeq,deptId,deptName,deptEName,deptInUse,deptHierarchyCode,deptSort) values (96,'','驚爆接觸點-Jento','','1','1.37.96',450);
insert into Dept (deptSeq,deptId,deptName,deptEName,deptInUse,deptHierarchyCode,deptSort) values (97,'','人生教練-Cosmo 吳建賢','','1','1.37.97',460);
insert into Dept (deptSeq,deptId,deptName,deptEName,deptInUse,deptHierarchyCode,deptSort) values (98,'','小農看世界-嵐水','','1','1.37.98',470);
insert into Dept (deptSeq,deptId,deptName,deptEName,deptInUse,deptHierarchyCode,deptSort) values (99,'','生命是無止盡的練習-曾維瑜','','1','1.37.99',480);
insert into Dept (deptSeq,deptId,deptName,deptEName,deptInUse,deptHierarchyCode,deptSort) values (100,'','Amanda的膳生活','','1','1.37.100',490);
insert into Dept (deptSeq,deptId,deptName,deptEName,deptInUse,deptHierarchyCode,deptSort) values (101,'','TMU健康快遞－北醫','','1','1.37.101',500);
insert into Dept (deptSeq,deptId,deptName,deptEName,deptInUse,deptHierarchyCode,deptSort) values (102,'','人生使用手冊－游祥禾','','1','1.37.102',510);
insert into Dept (deptSeq,deptId,deptName,deptEName,deptInUse,deptHierarchyCode,deptSort) values (103,'','社企流','','1','1.37.103',520);
insert into Dept (deptSeq,deptId,deptName,deptEName,deptInUse,deptHierarchyCode,deptSort) values (104,'','推動綠色貿易專案辦公室','','1','1.37.104',530);
insert into Dept (deptSeq,deptId,deptName,deptEName,deptInUse,deptHierarchyCode,deptSort) values (105,'','轉個彎旅行-吳孟霖','','1','1.37.105',540);
insert into Dept (deptSeq,deptId,deptName,deptEName,deptInUse,deptHierarchyCode,deptSort) values (106,'','RUS'' PICK','','1','1.37.106',550);


SET IDENTITY_INSERT dbo.CodeMain ON;
insert into CodeMain (codeSeq,codeId,codeValue,codeShow,codeSort) values (1,'TW','TPE','台北',0);
insert into CodeMain (codeSeq,codeId,codeValue,codeShow,codeSort) values (3,'TW','HSU','新竹',1);
insert into CodeMain (codeSeq,codeId,codeValue,codeShow,codeSort) values (4,'TW','TCH','台中',2);
insert into CodeMain (codeSeq,codeId,codeValue,codeShow,codeSort) values (9,'HSU','Nth','北區',3);
insert into CodeMain (codeSeq,codeId,codeValue,codeShow,codeSort) values (10,'HSU','Est','東區',4);
insert into CodeMain (codeSeq,codeId,codeValue,codeShow,codeSort) values (11,'TPE','Est','東區',5);
insert into CodeMain (codeSeq,codeId,codeValue,codeShow,codeSort) values (15,'test1','test1','test1',0);
insert into CodeMain (codeSeq,codeId,codeValue,codeShow,codeSort) values (19,'test3','test3','test3',0);
insert into CodeMain (codeSeq,codeId,codeValue,codeShow,codeSort) values (29,'showYN','0','關閉',1);
insert into CodeMain (codeSeq,codeId,codeValue,codeShow,codeSort) values (30,'showYN','1','公開',2);
insert into CodeMain (codeSeq,codeId,codeValue,codeShow,codeSort) values (31,'loginYN','0','未登入',0);
insert into CodeMain (codeSeq,codeId,codeValue,codeShow,codeSort) values (32,'loginYN','1','登入會員',0);
insert into CodeMain (codeSeq,codeId,codeValue,codeShow,codeSort) values (34,'subScribeYN','2','訂戶會員',0);
insert into CodeMain (codeSeq,codeId,codeValue,codeShow,codeSort) values (35,'readYN','0','變更閱讀權限',1);
insert into CodeMain (codeSeq,codeId,codeValue,codeShow,codeSort) values (36,'readYN','1','資料集閱讀權限設定',0);
insert into CodeMain (codeSeq,codeId,codeValue,codeShow,codeSort) values (37,'sourceLoc','0','今周刊',0);
insert into CodeMain (codeSeq,codeId,codeValue,codeShow,codeSort) values (38,'sourceLoc','1','特刊',1);
insert into CodeMain (codeSeq,codeId,codeValue,codeShow,codeSort) values (39,'sourceLoc','4','手動輸入',4);
insert into CodeMain (codeSeq,codeId,codeValue,codeShow,codeSort) values (40,'doShow','0','公開',0);
insert into CodeMain (codeSeq,codeId,codeValue,codeShow,codeSort) values (41,'doShow','1','(公開)不顯示',0);
insert into CodeMain (codeSeq,codeId,codeValue,codeShow,codeSort) values (43,'doShow','2','關閉',0);
insert into CodeMain (codeSeq,codeId,codeValue,codeShow,codeSort) values (44,'introCheck','1','勾選設定：若有閱讀權限設定：登入前僅顯示摘要。',0);
insert into CodeMain (codeSeq,codeId,codeValue,codeShow,codeSort) values (45,'dataCollection','article','文章',0);
insert into CodeMain (codeSeq,codeId,codeValue,codeShow,codeSort) values (47,'isPublic','1','不需審核',4);
insert into CodeMain (codeSeq,codeId,codeValue,codeShow,codeSort) values (48,'isPublic','2','審核通過',3);
insert into CodeMain (codeSeq,codeId,codeValue,codeShow,codeSort) values (49,'isPublic','3','待審核',2);
insert into CodeMain (codeSeq,codeId,codeValue,codeShow,codeSort) values (50,'isPublic','4','審核不通過',1);
insert into CodeMain (codeSeq,codeId,codeValue,codeShow,codeSort) values (51,'dsType','article','文章',0);
insert into CodeMain (codeSeq,codeId,codeValue,codeShow,codeSort) values (52,'dsType','blog','部落格',0);
insert into CodeMain (codeSeq,codeId,codeValue,codeShow,codeSort) values (53,'dsType','books','書籍資訊',0);
insert into CodeMain (codeSeq,codeId,codeValue,codeShow,codeSort) values (54,'orderBy','createDate desc','建立時間（新->舊）',0);
insert into CodeMain (codeSeq,codeId,codeValue,codeShow,codeSort) values (55,'orderBy','editDate desc','編修時間（新->舊）',0);
insert into CodeMain (codeSeq,codeId,codeValue,codeShow,codeSort) values (56,'dataCollection','ad','廣告',0);
insert into CodeMain (codeSeq,codeId,codeValue,codeShow,codeSort) values (57,'dataCollection','blog','部落格',0);
insert into CodeMain (codeSeq,codeId,codeValue,codeShow,codeSort) values (58,'dataCollection','books','書籍資訊',0);
insert into CodeMain (codeSeq,codeId,codeValue,codeShow,codeSort) values (59,'dataCollection','character','人物',0);
insert into CodeMain (codeSeq,codeId,codeValue,codeShow,codeSort) values (60,'dataCollection','commodity','一般商品',0);
insert into CodeMain (codeSeq,codeId,codeValue,codeShow,codeSort) values (61,'dataCollection','lecture','講座',0);
insert into CodeMain (codeSeq,codeId,codeValue,codeShow,codeSort) values (62,'dataCollection','periodical','期刊訂閱',0);
insert into CodeMain (codeSeq,codeId,codeValue,codeShow,codeSort) values (63,'dataCollection','website','網站資訊',0);
insert into CodeMain (codeSeq,codeId,codeValue,codeShow,codeSort) values (66,'otherQuery','0','尚未被上架之資料',0);
insert into CodeMain (codeSeq,codeId,codeValue,codeShow,codeSort) values (68,'reviewStatus','1','整批通過',2);
insert into CodeMain (codeSeq,codeId,codeValue,codeShow,codeSort) values (69,'reviewStatus','0','整批不通過(退回)',1);
insert into CodeMain (codeSeq,codeId,codeValue,codeShow,codeSort) values (70,'reviewStatus','2','整批關閉',0);
insert into CodeMain (codeSeq,codeId,codeValue,codeShow,codeSort) values (71,'showYN','2','草稿',0);
insert into CodeMain (codeSeq,codeId,codeValue,codeShow,codeSort) values (72,'formShowYN','0','關閉',1);
insert into CodeMain (codeSeq,codeId,codeValue,codeShow,codeSort) values (73,'formShowYN','1','公開',0);
insert into CodeMain (codeSeq,codeId,codeValue,codeShow,codeSort) values (74,'dsType','website','網站資訊',0);
insert into CodeMain (codeSeq,codeId,codeValue,codeShow,codeSort) values (75,'dsType','ad','廣告',0);
insert into CodeMain (codeSeq,codeId,codeValue,codeShow,codeSort) values (76,'dsType','lecture','講座',0);
insert into CodeMain (codeSeq,codeId,codeValue,codeShow,codeSort) values (77,'adType','ad0','焦點廣告(295x75)',100);
insert into CodeMain (codeSeq,codeId,codeValue,codeShow,codeSort) values (78,'adType','ad1','Banner廣告(265x75)',100);
insert into CodeMain (codeSeq,codeId,codeValue,codeShow,codeSort) values (79,'adType','ad2','方形廣告(255x210)',100);
insert into CodeMain (codeSeq,codeId,codeValue,codeShow,codeSort) values (80,'adType','ad3','Plus長條廣告(935x120)',100);
insert into CodeMain (codeSeq,codeId,codeValue,codeShow,codeSort) values (81,'adType','ad4','內容區大廣告(580x260)',100);
insert into CodeMain (codeSeq,codeId,codeValue,codeShow,codeSort) values (82,'treeStyle','default','今週刊2013年樣式',0);
insert into CodeMain (codeSeq,codeId,codeValue,codeShow,codeSort) values (83,'treeStyle','testStyle','測試用樣式',0);
insert into CodeMain (codeSeq,codeId,codeValue,codeShow,codeSort) values (84,'treeType','0','子首頁',0);
insert into CodeMain (codeSeq,codeId,codeValue,codeShow,codeSort) values (85,'treeType','1','條列頁',0);
insert into CodeMain (codeSeq,codeId,codeValue,codeShow,codeSort) values (86,'treeType','2','AP頁',0);
insert into CodeMain (codeSeq,codeId,codeValue,codeShow,codeSort) values (87,'treeType','3','主題故事',0);
insert into CodeMain (codeSeq,codeId,codeValue,codeShow,codeSort) values (88,'nodeStatus','0','關閉',2);
insert into CodeMain (codeSeq,codeId,codeValue,codeShow,codeSort) values (89,'nodeStatus','1','公開',0);
insert into CodeMain (codeSeq,codeId,codeValue,codeShow,codeSort) values (90,'nodeStatus','2','隱藏',0);
insert into CodeMain (codeSeq,codeId,codeValue,codeShow,codeSort) values (91,'mpGroupStyle','header.xsl','首頁樣式',1);
insert into CodeMain (codeSeq,codeId,codeValue,codeShow,codeSort) values (92,'mpGroupStyle','footer.xsl','頁尾',0);
insert into CodeMain (codeSeq,codeId,codeValue,codeShow,codeSort) values (93,'yesOrNo','Y','是',0);
insert into CodeMain (codeSeq,codeId,codeValue,codeShow,codeSort) values (94,'yesOrNo','N','否',1);
insert into CodeMain (codeSeq,codeId,codeValue,codeShow,codeSort) values (95,'dataSort','sStartDate desc','發布日新→舊',2);
insert into CodeMain (codeSeq,codeId,codeValue,codeShow,codeSort) values (96,'dataSort','sImportance desc','重要性大→小',3);
insert into CodeMain (codeSeq,codeId,codeValue,codeShow,codeSort) values (97,'dataSort','sStartDate desc,sImportance desc','先「發布日新→舊」再「重要性大→小」',0);
insert into CodeMain (codeSeq,codeId,codeValue,codeShow,codeSort) values (98,'dataSort','sImportance desc,sCreateDate desc','先「重要性大→小」再「上架日新→舊」',1);
insert into CodeMain (codeSeq,codeId,codeValue,codeShow,codeSort) values (99,'dataSort','newid()','亂數',4);
insert into CodeMain (codeSeq,codeId,codeValue,codeShow,codeSort) values (100,'npGroupStyle','npStyles/np_blogRight.xsl','子首頁部落格右欄樣式',0);
insert into CodeMain (codeSeq,codeId,codeValue,codeShow,codeSort) values (101,'npGroupStyle','npStyles/np_Right.xsl','子首頁一般右欄樣式',0);
insert into CodeMain (codeSeq,codeId,codeValue,codeShow,codeSort) values (102,'cacheSet','Y','靜態',1);
insert into CodeMain (codeSeq,codeId,codeValue,codeShow,codeSort) values (103,'cacheSet','N','動態',0);
insert into CodeMain (codeSeq,codeId,codeValue,codeShow,codeSort) values (104,'apSource','bookShopping','書藉資訊',0);
insert into CodeMain (codeSeq,codeId,codeValue,codeShow,codeSort) values (105,'apSource','characterLp','人物列表',0);
insert into CodeMain (codeSeq,codeId,codeValue,codeShow,codeSort) values (109,'menuType','1','展開第一子節點',1);
insert into CodeMain (codeSeq,codeId,codeValue,codeShow,codeSort) values (110,'menuType','0','全展開',0);
insert into CodeMain (codeSeq,codeId,codeValue,codeShow,codeSort) values (111,'adType','ad5','登入頁大廣告(500x300)',100);
insert into CodeMain (codeSeq,codeId,codeValue,codeShow,codeSort) values (112,'adType','ad6','編輯推薦',100);
insert into CodeMain (codeSeq,codeId,codeValue,codeShow,codeSort) values (116,'shelvesStatus','Y','公開',0);
insert into CodeMain (codeSeq,codeId,codeValue,codeShow,codeSort) values (117,'shelvesStatus','N','關閉',1);
insert into CodeMain (codeSeq,codeId,codeValue,codeShow,codeSort) values (118,'dsType','periodical','期刊訂閱',100);
insert into CodeMain (codeSeq,codeId,codeValue,codeShow,codeSort) values (119,'dsType','commodity','一般商品',100);
insert into CodeMain (codeSeq,codeId,codeValue,codeShow,codeSort) values (120,'webMode','0','標準內容',100);
insert into CodeMain (codeSeq,codeId,codeValue,codeShow,codeSort) values (121,'webMode','1','連結網址',100);
insert into CodeMain (codeSeq,codeId,codeValue,codeShow,codeSort) values (122,'webType','web0','數位專輯',100);
insert into CodeMain (codeSeq,codeId,codeValue,codeShow,codeSort) values (123,'webType','web1','頁首連結',100);
insert into CodeMain (codeSeq,codeId,codeValue,codeShow,codeSort) values (124,'webType','web2','頁尾連結',100);
insert into CodeMain (codeSeq,codeId,codeValue,codeShow,codeSort) values (125,'coStatus','1','公開',100);
insert into CodeMain (codeSeq,codeId,codeValue,codeShow,codeSort) values (126,'coStatus','2','關閉',100);
insert into CodeMain (codeSeq,codeId,codeValue,codeShow,codeSort) values (127,'dsType','character','人物',100);
insert into CodeMain (codeSeq,codeId,codeValue,codeShow,codeSort) values (129,'coClass','2','購物',100);
insert into CodeMain (codeSeq,codeId,codeValue,codeShow,codeSort) values (130,'coClass','3','活動',100);
insert into CodeMain (codeSeq,codeId,codeValue,codeShow,codeSort) values (131,'coClass','4','註冊',100);
insert into CodeMain (codeSeq,codeId,codeValue,codeShow,codeSort) values (132,'coClass','5','其他',100);
insert into CodeMain (codeSeq,codeId,codeValue,codeShow,codeSort) values (133,'coReGet','1','是',100);
insert into CodeMain (codeSeq,codeId,codeValue,codeShow,codeSort) values (134,'coReGet','2','否',100);
insert into CodeMain (codeSeq,codeId,codeValue,codeShow,codeSort) values (135,'notice','0','報名完成',100);
insert into CodeMain (codeSeq,codeId,codeValue,codeShow,codeSort) values (136,'notice','1','辦理前一天',100);
insert into CodeMain (codeSeq,codeId,codeValue,codeShow,codeSort) values (137,'signUp','0','同會員(必填為真實姓名與email)',100);
insert into CodeMain (codeSeq,codeId,codeValue,codeShow,codeSort) values (138,'signUp','1','自訂欄位',100);
insert into CodeMain (codeSeq,codeId,codeValue,codeShow,codeSort) values (139,'lecType','lec0','課程',100);
insert into CodeMain (codeSeq,codeId,codeValue,codeShow,codeSort) values (140,'lecType','lec1','講座/演講',100);
insert into CodeMain (codeSeq,codeId,codeValue,codeShow,codeSort) values (141,'lecType','lec2','研討會',100);
insert into CodeMain (codeSeq,codeId,codeValue,codeShow,codeSort) values (142,'focusOrderBy','sStartdate desc','焦點設定時間(新→舊)',100);
insert into CodeMain (codeSeq,codeId,codeValue,codeShow,codeSort) values (143,'sourceLoc','2','叢書',2);
insert into CodeMain (codeSeq,codeId,codeValue,codeShow,codeSort) values (144,'sourceLoc','3','特企文宣',3);
insert into CodeMain (codeSeq,codeId,codeValue,codeShow,codeSort) values (145,'shelvesMainMuti','0','整批隱藏',100);
insert into CodeMain (codeSeq,codeId,codeValue,codeShow,codeSort) values (146,'shelvesMainMuti','1','整批移除',100);
insert into CodeMain (codeSeq,codeId,codeValue,codeShow,codeSort) values (147,'coDetailStatus','1','待生效',100);
insert into CodeMain (codeSeq,codeId,codeValue,codeShow,codeSort) values (148,'coDetailStatus','2','已生效',100);
insert into CodeMain (codeSeq,codeId,codeValue,codeShow,codeSort) values (149,'coDetailStatus','3','已過期',100);
insert into CodeMain (codeSeq,codeId,codeValue,codeShow,codeSort) values (150,'shelvesAddMuti','0','整批新增',100);
insert into CodeMain (codeSeq,codeId,codeValue,codeShow,codeSort) values (151,'NpDataSort','sCreateDate desc','單元文章上架日新→舊(部落格專用)',100);
insert into CodeMain (codeSeq,codeId,codeValue,codeShow,codeSort) values (152,'NpDataSort','tnSort asc','單元節點順序',100);
insert into CodeMain (codeSeq,codeId,codeValue,codeShow,codeSort) values (153,'layoutPublic','Y','公開',100);
insert into CodeMain (codeSeq,codeId,codeValue,codeShow,codeSort) values (154,'layoutPublic','N','關閉',100);
insert into CodeMain (codeSeq,codeId,codeValue,codeShow,codeSort) values (155,'ShelvesArticle','0','尚未被上架之資料',100);
insert into CodeMain (codeSeq,codeId,codeValue,codeShow,codeSort) values (156,'CommoditySource','commodity','一般商品',100);
insert into CodeMain (codeSeq,codeId,codeValue,codeShow,codeSort) values (157,'CommoditySource','periodical','期刊',101);
insert into CodeMain (codeSeq,codeId,codeValue,codeShow,codeSort) values (158,'CommoditySource','books','書籍',102);
insert into CodeMain (codeSeq,codeId,codeValue,codeShow,codeSort) values (159,'CommodityType','1','文化',100);
insert into CodeMain (codeSeq,codeId,codeValue,codeShow,codeSort) values (160,'CommodityType','2','行銷',101);
insert into CodeMain (codeSeq,codeId,codeValue,codeShow,codeSort) values (161,'CommodityType','3','出版',102);
insert into CodeMain (codeSeq,codeId,codeValue,codeShow,codeSort) values (163,'CommodityMoudle','1','紙本',100);
insert into CodeMain (codeSeq,codeId,codeValue,codeShow,codeSort) values (164,'CommodityMoudle','2','電子',101);
insert into CodeMain (codeSeq,codeId,codeValue,codeShow,codeSort) values (165,'CommodityMoudle','3','其他',102);
insert into CodeMain (codeSeq,codeId,codeValue,codeShow,codeSort) values (171,'CommodityRule','1','非會員',100);
insert into CodeMain (codeSeq,codeId,codeValue,codeShow,codeSort) values (172,'CommodityRule','2','會員',101);
insert into CodeMain (codeSeq,codeId,codeValue,codeShow,codeSort) values (173,'CommodityRule','3','舊訂戶會員',102);
insert into CodeMain (codeSeq,codeId,codeValue,codeShow,codeSort) values (174,'CommodityRule','4','訂戶會員',103);
insert into CodeMain (codeSeq,codeId,codeValue,codeShow,codeSort) values (177,'shelvesDsType','shelves_coin','今幣兌換',100);
insert into CodeMain (codeSeq,codeId,codeValue,codeShow,codeSort) values (178,'shelvesDsType','shelves_money','單一商品',100);
insert into CodeMain (codeSeq,codeId,codeValue,codeShow,codeSort) values (179,'shelvesDsType','shelves_lecture','講座',100);
insert into CodeMain (codeSeq,codeId,codeValue,codeShow,codeSort) values (180,'taiwanCity','臺北市','臺北市',101);
insert into CodeMain (codeSeq,codeId,codeValue,codeShow,codeSort) values (181,'taiwanCity','新北市','新北市',103);
insert into CodeMain (codeSeq,codeId,codeValue,codeShow,codeSort) values (182,'taiwanCity','基隆市','基隆市',105);
insert into CodeMain (codeSeq,codeId,codeValue,codeShow,codeSort) values (183,'taiwanCity','宜蘭縣','宜蘭縣',107);
insert into CodeMain (codeSeq,codeId,codeValue,codeShow,codeSort) values (184,'taiwanCity','桃園縣','桃園縣',109);
insert into CodeMain (codeSeq,codeId,codeValue,codeShow,codeSort) values (185,'taiwanCity','新竹縣','新竹縣',111);
insert into CodeMain (codeSeq,codeId,codeValue,codeShow,codeSort) values (186,'taiwanCity','新竹市','新竹市',112);
insert into CodeMain (codeSeq,codeId,codeValue,codeShow,codeSort) values (187,'taiwanCity','苗栗縣','苗栗縣',113);
insert into CodeMain (codeSeq,codeId,codeValue,codeShow,codeSort) values (188,'taiwanCity','臺中市','臺中市',117);
insert into CodeMain (codeSeq,codeId,codeValue,codeShow,codeSort) values (189,'taiwanCity','南投縣','南投縣',119);
insert into CodeMain (codeSeq,codeId,codeValue,codeShow,codeSort) values (190,'taiwanCity','彰化縣','彰化縣',121);
insert into CodeMain (codeSeq,codeId,codeValue,codeShow,codeSort) values (191,'taiwanCity','雲林縣','雲林縣',123);
insert into CodeMain (codeSeq,codeId,codeValue,codeShow,codeSort) values (192,'taiwanCity','嘉義縣','嘉義縣',125);
insert into CodeMain (codeSeq,codeId,codeValue,codeShow,codeSort) values (193,'taiwanCity','嘉義市','嘉義市',126);
insert into CodeMain (codeSeq,codeId,codeValue,codeShow,codeSort) values (194,'taiwanCity','臺南市','臺南市',129);
insert into CodeMain (codeSeq,codeId,codeValue,codeShow,codeSort) values (195,'taiwanCity','高雄市','高雄市',133);
insert into CodeMain (codeSeq,codeId,codeValue,codeShow,codeSort) values (196,'taiwanCity','屏東縣','屏東縣',135);
insert into CodeMain (codeSeq,codeId,codeValue,codeShow,codeSort) values (197,'taiwanCity','花蓮縣','花蓮縣',137);
insert into CodeMain (codeSeq,codeId,codeValue,codeShow,codeSort) values (198,'taiwanCity','臺東縣','臺東縣',139);
insert into CodeMain (codeSeq,codeId,codeValue,codeShow,codeSort) values (199,'taiwanCity','澎湖縣','澎湖縣',141);
insert into CodeMain (codeSeq,codeId,codeValue,codeShow,codeSort) values (206,'cpStyles','article','cpStyles/cp_article.xsl',100);
insert into CodeMain (codeSeq,codeId,codeValue,codeShow,codeSort) values (207,'cpStyles','books','cpStyles/cp_books.xsl',100);
insert into CodeMain (codeSeq,codeId,codeValue,codeShow,codeSort) values (208,'memSort','createDate desc','建立時間(新→舊)',100);
insert into CodeMain (codeSeq,codeId,codeValue,codeShow,codeSort) values (209,'memSort','custNo desc','訂戶編號(大→小)',100);
insert into CodeMain (codeSeq,codeId,codeValue,codeShow,codeSort) values (210,'memIdentity','0','網路會員',100);
insert into CodeMain (codeSeq,codeId,codeValue,codeShow,codeSort) values (211,'memIdentity','1','訂戶會員',100);
insert into CodeMain (codeSeq,codeId,codeValue,codeShow,codeSort) values (212,'memIdentity','2','舊訂戶會員',100);
insert into CodeMain (codeSeq,codeId,codeValue,codeShow,codeSort) values (213,'memIdentity','3','公關會員',100);
insert into CodeMain (codeSeq,codeId,codeValue,codeShow,codeSort) values (214,'memStatus','0','停權',100);
insert into CodeMain (codeSeq,codeId,codeValue,codeShow,codeSort) values (215,'memStatus','1','公開',99);
insert into CodeMain (codeSeq,codeId,codeValue,codeShow,codeSort) values (216,'memType','0','個人',100);
insert into CodeMain (codeSeq,codeId,codeValue,codeShow,codeSort) values (217,'memType','1','公司',100);
insert into CodeMain (codeSeq,codeId,codeValue,codeShow,codeSort) values (218,'memLoc','0','台灣',100);
insert into CodeMain (codeSeq,codeId,codeValue,codeShow,codeSort) values (219,'memLoc','1','海外',100);
insert into CodeMain (codeSeq,codeId,codeValue,codeShow,codeSort) values (220,'memSex','1','男',100);
insert into CodeMain (codeSeq,codeId,codeValue,codeShow,codeSort) values (221,'memSex','0','女',100);
insert into CodeMain (codeSeq,codeId,codeValue,codeShow,codeSort) values (222,'memMarry','N','單身',100);
insert into CodeMain (codeSeq,codeId,codeValue,codeShow,codeSort) values (223,'memMarry','Y','已婚',100);
insert into CodeMain (codeSeq,codeId,codeValue,codeShow,codeSort) values (224,'haveOrNot','0','無',100);
insert into CodeMain (codeSeq,codeId,codeValue,codeShow,codeSort) values (225,'haveOrNot','1','有',100);
insert into CodeMain (codeSeq,codeId,codeValue,codeShow,codeSort) values (226,'education','00','國中以下',100);
insert into CodeMain (codeSeq,codeId,codeValue,codeShow,codeSort) values (227,'education','01','高中(職)',100);
insert into CodeMain (codeSeq,codeId,codeValue,codeShow,codeSort) values (228,'education','02','大學(專)',100);
insert into CodeMain (codeSeq,codeId,codeValue,codeShow,codeSort) values (229,'education','03','研究所以上',100);
insert into CodeMain (codeSeq,codeId,codeValue,codeShow,codeSort) values (230,'education','04','其他',100);
insert into CodeMain (codeSeq,codeId,codeValue,codeShow,codeSort) values (231,'memIncome','00','30萬以下(含)',100);
insert into CodeMain (codeSeq,codeId,codeValue,codeShow,codeSort) values (232,'memIncome','01','31~50萬',100);
insert into CodeMain (codeSeq,codeId,codeValue,codeShow,codeSort) values (233,'memIncome','02','51~80萬',100);
insert into CodeMain (codeSeq,codeId,codeValue,codeShow,codeSort) values (234,'memIncome','03','81~100萬',100);
insert into CodeMain (codeSeq,codeId,codeValue,codeShow,codeSort) values (235,'memIncome','04','101萬以上(含)',100);
insert into CodeMain (codeSeq,codeId,codeValue,codeShow,codeSort) values (236,'memJob','00','金融/保險',100);
insert into CodeMain (codeSeq,codeId,codeValue,codeShow,codeSort) values (237,'memJob','01','房地產',100);
insert into CodeMain (codeSeq,codeId,codeValue,codeShow,codeSort) values (238,'memJob','02','政府機關',100);
insert into CodeMain (codeSeq,codeId,codeValue,codeShow,codeSort) values (239,'memJob','03','軍警',100);
insert into CodeMain (codeSeq,codeId,codeValue,codeShow,codeSort) values (240,'memJob','04','教育/研究',100);
insert into CodeMain (codeSeq,codeId,codeValue,codeShow,codeSort) values (241,'memJob','05','經商',100);
insert into CodeMain (codeSeq,codeId,codeValue,codeShow,codeSort) values (242,'memJob','06','建築',100);
insert into CodeMain (codeSeq,codeId,codeValue,codeShow,codeSort) values (243,'memJob','07','製造/供應商',100);
insert into CodeMain (codeSeq,codeId,codeValue,codeShow,codeSort) values (244,'memJob','08','資訊',100);
insert into CodeMain (codeSeq,codeId,codeValue,codeShow,codeSort) values (245,'memJob','09','服務',100);
insert into CodeMain (codeSeq,codeId,codeValue,codeShow,codeSort) values (246,'memJob','10','醫療',100);
insert into CodeMain (codeSeq,codeId,codeValue,codeShow,codeSort) values (247,'memJob','11','法律相關行業',100);
insert into CodeMain (codeSeq,codeId,codeValue,codeShow,codeSort) values (248,'memJob','12','流通/零商',100);
insert into CodeMain (codeSeq,codeId,codeValue,codeShow,codeSort) values (249,'memJob','13','交通/運輸/旅遊',100);
insert into CodeMain (codeSeq,codeId,codeValue,codeShow,codeSort) values (250,'memJob','14','娛樂/出版',100);
insert into CodeMain (codeSeq,codeId,codeValue,codeShow,codeSort) values (251,'memJob','15','傳播/公共關係廣告/行銷',100);
insert into CodeMain (codeSeq,codeId,codeValue,codeShow,codeSort) values (252,'memJob','16','藝術',100);
insert into CodeMain (codeSeq,codeId,codeValue,codeShow,codeSort) values (253,'memJob','17','農漁牧',100);
insert into CodeMain (codeSeq,codeId,codeValue,codeShow,codeSort) values (254,'memJob','18','學生',100);
insert into CodeMain (codeSeq,codeId,codeValue,codeShow,codeSort) values (255,'memJob','19','家管',100);
insert into CodeMain (codeSeq,codeId,codeValue,codeShow,codeSort) values (256,'memJob','20','待業中',100);
insert into CodeMain (codeSeq,codeId,codeValue,codeShow,codeSort) values (257,'memPosition','00','一般職員',100);
insert into CodeMain (codeSeq,codeId,codeValue,codeShow,codeSort) values (258,'memPosition','01','中階主管',100);
insert into CodeMain (codeSeq,codeId,codeValue,codeShow,codeSort) values (259,'memPosition','02','專業經理人',100);
insert into CodeMain (codeSeq,codeId,codeValue,codeShow,codeSort) values (260,'memPosition','03','企業負責人',100);
insert into CodeMain (codeSeq,codeId,codeValue,codeShow,codeSort) values (261,'memPosition','04','專業人員',100);
insert into CodeMain (codeSeq,codeId,codeValue,codeShow,codeSort) values (262,'memFavorite','0','商業企管',100);
insert into CodeMain (codeSeq,codeId,codeValue,codeShow,codeSort) values (263,'memFavorite','1','電腦網路',100);
insert into CodeMain (codeSeq,codeId,codeValue,codeShow,codeSort) values (264,'memFavorite','2','運動體育',100);
insert into CodeMain (codeSeq,codeId,codeValue,codeShow,codeSort) values (265,'memFavorite','3','流行時尚',100);
insert into CodeMain (codeSeq,codeId,codeValue,codeShow,codeSort) values (266,'memFavorite','4','書籍出版',100);
insert into CodeMain (codeSeq,codeId,codeValue,codeShow,codeSort) values (267,'memFavorite','5','健康美容',100);
insert into CodeMain (codeSeq,codeId,codeValue,codeShow,codeSort) values (268,'memFavorite','6','藝術音樂',100);
insert into CodeMain (codeSeq,codeId,codeValue,codeShow,codeSort) values (269,'memFavorite','7','投資理財',100);
insert into CodeMain (codeSeq,codeId,codeValue,codeShow,codeSort) values (270,'memFavorite','8','政治時事',100);
insert into CodeMain (codeSeq,codeId,codeValue,codeShow,codeSort) values (271,'memFavorite','9','汽車機車',100);
insert into CodeMain (codeSeq,codeId,codeValue,codeShow,codeSort) values (272,'memFavorite','10','休閒旅遊',100);
insert into CodeMain (codeSeq,codeId,codeValue,codeShow,codeSort) values (273,'memFavorite','11','教育學習',100);
insert into CodeMain (codeSeq,codeId,codeValue,codeShow,codeSort) values (274,'memFavorite','12','綜藝娛樂',100);
insert into CodeMain (codeSeq,codeId,codeValue,codeShow,codeSort) values (275,'memFavorite','13','社會人文',100);
insert into CodeMain (codeSeq,codeId,codeValue,codeShow,codeSort) values (276,'memSubScription','0','今周刊電子報',100);
insert into CodeMain (codeSeq,codeId,codeValue,codeShow,codeSort) values (277,'memSubScription','1','活動訊息',100);
insert into CodeMain (codeSeq,codeId,codeValue,codeShow,codeSort) values (278,'memSubScription','2','優惠訊息',100);
insert into CodeMain (codeSeq,codeId,codeValue,codeShow,codeSort) values (279,'memSubScription','3','熱門文章排行榜',100);
insert into CodeMain (codeSeq,codeId,codeValue,codeShow,codeSort) values (280,'memSubScription','4','以電話及簡訊接收其它活動訊息',100);
insert into CodeMain (codeSeq,codeId,codeValue,codeShow,codeSort) values (281,'cpStyles','blog','cpStyles/cp_blog.xsl',100);
insert into CodeMain (codeSeq,codeId,codeValue,codeShow,codeSort) values (282,'shelvesOrderBy','sCreateDate desc','建立時間（新->舊）',100);
insert into CodeMain (codeSeq,codeId,codeValue,codeShow,codeSort) values (283,'shelvesOrderBy','sEditDate desc','編修時間（新->舊）',100);
insert into CodeMain (codeSeq,codeId,codeValue,codeShow,codeSort) values (284,'adType','ad7','大焦點區塊_大圖(580x250)',100);
insert into CodeMain (codeSeq,codeId,codeValue,codeShow,codeSort) values (285,'adType','ad8','大焦點區塊_圖文(280x250)',100);
insert into CodeMain (codeSeq,codeId,codeValue,codeShow,codeSort) values (286,'adType','ad9','大焦點區塊_HTML',100);
insert into CodeMain (codeSeq,codeId,codeValue,codeShow,codeSort) values (287,'indexType','0','今專欄',999);
insert into CodeMain (codeSeq,codeId,codeValue,codeShow,codeSort) values (288,'indexType','1','焦點新聞',110);
insert into CodeMain (codeSeq,codeId,codeValue,codeShow,codeSort) values (289,'indexType','2','叢書',999);
insert into CodeMain (codeSeq,codeId,codeValue,codeShow,codeSort) values (290,'indexType','3','編輯室報告',5);
insert into CodeMain (codeSeq,codeId,codeValue,codeShow,codeSort) values (291,'indexType','4','目錄',999);
insert into CodeMain (codeSeq,codeId,codeValue,codeShow,codeSort) values (292,'shelves_article','article','文章(文章)',100);
insert into CodeMain (codeSeq,codeId,codeValue,codeShow,codeSort) values (293,'shelves_article','blog','文章(部落格)',100);
insert into CodeMain (codeSeq,codeId,codeValue,codeShow,codeSort) values (295,'shelves_article','website','文章(網站資訊)',100);
insert into CodeMain (codeSeq,codeId,codeValue,codeShow,codeSort) values (296,'shelves_article','ad','文章(廣告)',100);
insert into CodeMain (codeSeq,codeId,codeValue,codeShow,codeSort) values (297,'shelves_article','books','文章(書籍資訊)',100);
insert into CodeMain (codeSeq,codeId,codeValue,codeShow,codeSort) values (298,'shelvesDsType','shelves_article','文章',100);
insert into CodeMain (codeSeq,codeId,codeValue,codeShow,codeSort) values (299,'shelves_coin','commodity','一般商品',100);
insert into CodeMain (codeSeq,codeId,codeValue,codeShow,codeSort) values (301,'shelves_coin','books','書籍資訊',100);
insert into CodeMain (codeSeq,codeId,codeValue,codeShow,codeSort) values (302,'shelves_money','commodity','一般商品',100);
insert into CodeMain (codeSeq,codeId,codeValue,codeShow,codeSort) values (303,'shelves_money','periodical','期刊訂閱',100);
insert into CodeMain (codeSeq,codeId,codeValue,codeShow,codeSort) values (304,'shelves_money','books','書籍資訊',100);
insert into CodeMain (codeSeq,codeId,codeValue,codeShow,codeSort) values (305,'shelves_lecture','lecture','講座',100);
insert into CodeMain (codeSeq,codeId,codeValue,codeShow,codeSort) values (306,'CcType','1','贈品/加價購',100);
insert into CodeMain (codeSeq,codeId,codeValue,codeShow,codeSort) values (307,'CcType','2','好禮N選M',101);
insert into CodeMain (codeSeq,codeId,codeValue,codeShow,codeSort) values (308,'cpStyles','gifts','cpStyles/cp_gifts.xsl',100);
insert into CodeMain (codeSeq,codeId,codeValue,codeShow,codeSort) values (309,'cpStyles','retail','cpStyles/cp_retail.xsl',100);
insert into CodeMain (codeSeq,codeId,codeValue,codeShow,codeSort) values (310,'cpStyles','increase','cpStyles/cp_increase.xsl',100);
insert into CodeMain (codeSeq,codeId,codeValue,codeShow,codeSort) values (311,'cpStyles','coin','cpStyles/cp_coin.xsl',100);
insert into CodeMain (codeSeq,codeId,codeValue,codeShow,codeSort) values (312,'freightPrice','1','0',100);
insert into CodeMain (codeSeq,codeId,codeValue,codeShow,codeSort) values (319,'businessNo','09252','企業代碼',100);
insert into CodeMain (codeSeq,codeId,codeValue,codeShow,codeSort) values (320,'priceType','1','一般',100);
insert into CodeMain (codeSeq,codeId,codeValue,codeShow,codeSort) values (321,'priceType','2','訂戶',100);
insert into CodeMain (codeSeq,codeId,codeValue,codeShow,codeSort) values (322,'priceType','3','早鳥',100);
insert into CodeMain (codeSeq,codeId,codeValue,codeShow,codeSort) values (323,'freightPrice','2','116',100);
insert into CodeMain (codeSeq,codeId,codeValue,codeShow,codeSort) values (324,'freightPrice','3','97',100);
insert into CodeMain (codeSeq,codeId,codeValue,codeShow,codeSort) values (325,'freightPrice','4','77',100);
insert into CodeMain (codeSeq,codeId,codeValue,codeShow,codeSort) values (326,'freightCode','1','台灣／ 限時專送',1);
insert into CodeMain (codeSeq,codeId,codeValue,codeShow,codeSort) values (327,'freightCode','2','海外／歐美地區航空',102);
insert into CodeMain (codeSeq,codeId,codeValue,codeShow,codeSort) values (328,'freightCode','3','海外／亞洲地區航空(不含大陸地區)',103);
insert into CodeMain (codeSeq,codeId,codeValue,codeShow,codeSort) values (329,'freightCode','4','海外／港澳地區航空(含大陸地區)',104);
insert into CodeMain (codeSeq,codeId,codeValue,codeShow,codeSort) values (330,'shelves_article','character','人物',100);
insert into CodeMain (codeSeq,codeId,codeValue,codeShow,codeSort) values (331,'cpStyles','lecture','cpStyles/cp_lecture.xsl',100);
insert into CodeMain (codeSeq,codeId,codeValue,codeShow,codeSort) values (332,'shelvesDsType','shelves_sales','組合商品(含促販模組)',100);
insert into CodeMain (codeSeq,codeId,codeValue,codeShow,codeSort) values (333,'shelves_sales','commodity','一般商品',100);
insert into CodeMain (codeSeq,codeId,codeValue,codeShow,codeSort) values (334,'shelves_sales','periodical','期刊訂閱',100);
insert into CodeMain (codeSeq,codeId,codeValue,codeShow,codeSort) values (335,'shelves_sales','books','書籍資訊',100);
insert into CodeMain (codeSeq,codeId,codeValue,codeShow,codeSort) values (336,'shelvesDsType','shelves_select','請選擇',0);
insert into CodeMain (codeSeq,codeId,codeValue,codeShow,codeSort) values (339,'eBookType','1','Acer zinio',100);
insert into CodeMain (codeSeq,codeId,codeValue,codeShow,codeSort) values (341,'shelvesThemeMuti','0','整批移除',100);
insert into CodeMain (codeSeq,codeId,codeValue,codeShow,codeSort) values (342,'cpStyles','character','cpStyles/cp_character.xsl',100);
insert into CodeMain (codeSeq,codeId,codeValue,codeShow,codeSort) values (343,'cpStyles','website','cpStyles/cp_website.xsl',100);
insert into CodeMain (codeSeq,codeId,codeValue,codeShow,codeSort) values (344,'indexType','5','特別企劃',160);
insert into CodeMain (codeSeq,codeId,codeValue,codeShow,codeSort) values (345,'indexType','7','封面故事',180);
insert into CodeMain (codeSeq,codeId,codeValue,codeShow,codeSort) values (347,'reviewYN','2','審核通過',100);
insert into CodeMain (codeSeq,codeId,codeValue,codeShow,codeSort) values (348,'reviewYN','4','審核不通過',100);
insert into CodeMain (codeSeq,codeId,codeValue,codeShow,codeSort) values (349,'indexType','8','谷月涵看台灣',10);
insert into CodeMain (codeSeq,codeId,codeValue,codeShow,codeSort) values (350,'indexType','9','陶冬看世界',20);
insert into CodeMain (codeSeq,codeId,codeValue,codeShow,codeSort) values (351,'indexType','10','名師講堂',30);
insert into CodeMain (codeSeq,codeId,codeValue,codeShow,codeSort) values (352,'alertMsg','upgradeS','升級成功!',100);
insert into CodeMain (codeSeq,codeId,codeValue,codeShow,codeSort) values (353,'alertMsg','upgradeF','升級失敗!',100);
insert into CodeMain (codeSeq,codeId,codeValue,codeShow,codeSort) values (354,'alertMsg','editS','修改成功!',100);
insert into CodeMain (codeSeq,codeId,codeValue,codeShow,codeSort) values (355,'alertMsg','editF','修改失敗!',100);
insert into CodeMain (codeSeq,codeId,codeValue,codeShow,codeSort) values (356,'alertMsg','forgetS','密碼已重設並寄送至您的帳號信箱，請至信箱收取密碼，並建議您立即在登入後在會員中心修改您的密碼。',100);
insert into CodeMain (codeSeq,codeId,codeValue,codeShow,codeSort) values (357,'alertMsg','forgetF','此帳號不存在，請檢查您輸入的帳號。',100);
insert into CodeMain (codeSeq,codeId,codeValue,codeShow,codeSort) values (358,'indexType','11','想和你談心',40);
insert into CodeMain (codeSeq,codeId,codeValue,codeShow,codeSort) values (359,'indexType','12','吹牛老爹',50);
insert into CodeMain (codeSeq,codeId,codeValue,codeShow,codeSort) values (360,'indexType','13','今漫畫',60);
insert into CodeMain (codeSeq,codeId,codeValue,codeShow,codeSort) values (361,'indexType','14','老謝開講',70);
insert into CodeMain (codeSeq,codeId,codeValue,codeShow,codeSort) values (362,'indexType','15','呂宗耀投資周記',80);
insert into CodeMain (codeSeq,codeId,codeValue,codeShow,codeSort) values (363,'indexType','16','理財魔法',90);
insert into CodeMain (codeSeq,codeId,codeValue,codeShow,codeSort) values (364,'indexType','17','新聞現場',100);
insert into CodeMain (codeSeq,codeId,codeValue,codeShow,codeSort) values (365,'indexType','18','焦點人物',120);
insert into CodeMain (codeSeq,codeId,codeValue,codeShow,codeSort) values (366,'indexType','19','話題人物',130);
insert into CodeMain (codeSeq,codeId,codeValue,codeShow,codeSort) values (367,'indexType','20','高科技',140);
insert into CodeMain (codeSeq,codeId,codeValue,codeShow,codeSort) values (368,'alertMsg','signUpS','恭喜，註冊成功!',100);
insert into CodeMain (codeSeq,codeId,codeValue,codeShow,codeSort) values (369,'alertMsg','coinS','恭喜，獲得今幣50枚!',100);
insert into CodeMain (codeSeq,codeId,codeValue,codeShow,codeSort) values (370,'indexType','21','金融圈',150);
insert into CodeMain (codeSeq,codeId,codeValue,codeShow,codeSort) values (371,'alertMsg','signUpAdvS','填寫資訊成功!',100);
insert into CodeMain (codeSeq,codeId,codeValue,codeShow,codeSort) values (372,'alertMsg','editCoinS','修改成功，並獲得今幣50枚!',100);
insert into CodeMain (codeSeq,codeId,codeValue,codeShow,codeSort) values (373,'alertMsg','noAuth','未授權!',100);
insert into CodeMain (codeSeq,codeId,codeValue,codeShow,codeSort) values (374,'alertMsg','loginS','登入成功!',100);
insert into CodeMain (codeSeq,codeId,codeValue,codeShow,codeSort) values (375,'alertMsg','loginF','帳號或密碼錯誤!',100);
insert into CodeMain (codeSeq,codeId,codeValue,codeShow,codeSort) values (376,'alertMsg','loginTypeF','登入型別有誤!',100);
insert into CodeMain (codeSeq,codeId,codeValue,codeShow,codeSort) values (377,'indexType','22','企業最前線',170);
insert into CodeMain (codeSeq,codeId,codeValue,codeShow,codeSort) values (378,'alertMsg','custNoF','訂戶編號有誤!',100);
insert into CodeMain (codeSeq,codeId,codeValue,codeShow,codeSort) values (379,'alertMsg','custNoRepeat','訂戶編號重複!',100);
insert into CodeMain (codeSeq,codeId,codeValue,codeShow,codeSort) values (380,'indexType','23','兩岸風雲',190);
insert into CodeMain (codeSeq,codeId,codeValue,codeShow,codeSort) values (381,'indexType','24','彭博商業周刊',200);
insert into CodeMain (codeSeq,codeId,codeValue,codeShow,codeSort) values (382,'indexType','25','東洋經濟週刊',210);
insert into CodeMain (codeSeq,codeId,codeValue,codeShow,codeSort) values (383,'indexType','26','今選',220);
insert into CodeMain (codeSeq,codeId,codeValue,codeShow,codeSort) values (384,'indexType','27','健康人生',230);
insert into CodeMain (codeSeq,codeId,codeValue,codeShow,codeSort) values (385,'indexType','28','風尚',240);
insert into CodeMain (codeSeq,codeId,codeValue,codeShow,codeSort) values (386,'alertMsg','custNoS','訂戶編號已寄送至您的信箱，請至您的信箱收取',100);
insert into CodeMain (codeSeq,codeId,codeValue,codeShow,codeSort) values (387,'alertMsg','forgetMailF','信箱有誤。',100);
insert into CodeMain (codeSeq,codeId,codeValue,codeShow,codeSort) values (388,'webType','web3','網站宣告',100);
insert into CodeMain (codeSeq,codeId,codeValue,codeShow,codeSort) values (389,'webType','web4','其他',999);
insert into CodeMain (codeSeq,codeId,codeValue,codeShow,codeSort) values (390,'adLogin','adLoginNode','80514',100);
insert into CodeMain (codeSeq,codeId,codeValue,codeShow,codeSort) values (391,'shelvesNpFocusMuti','0','整批移除',100);
insert into CodeMain (codeSeq,codeId,codeValue,codeShow,codeSort) values (392,'adType','ad10','右欄(220x75)',100);
insert into CodeMain (codeSeq,codeId,codeValue,codeShow,codeSort) values (393,'adType','ad11','右欄(220x220)',100);
insert into CodeMain (codeSeq,codeId,codeValue,codeShow,codeSort) values (394,'indexType','31','日本ING',45);
insert into CodeMain (codeSeq,codeId,codeValue,codeShow,codeSort) values (395,'indexType','32','征服股海',152);
insert into CodeMain (codeSeq,codeId,codeValue,codeShow,codeSort) values (396,'indexType','33','國際眼',153);
insert into CodeMain (codeSeq,codeId,codeValue,codeShow,codeSort) values (397,'alertMsg','loginTokenF','登入資訊有誤!',100);
insert into CodeMain (codeSeq,codeId,codeValue,codeShow,codeSort) values (398,'autoShelvesUser','autoShelvesUser','why',100);
insert into CodeMain (codeSeq,codeId,codeValue,codeShow,codeSort) values (399,'freightStatus','0','未處理',100);
insert into CodeMain (codeSeq,codeId,codeValue,codeShow,codeSort) values (400,'freightStatus','1','已處理',100);
insert into CodeMain (codeSeq,codeId,codeValue,codeShow,codeSort) values (402,'ovOrderStatus','0','未付款/未對帳',4);
insert into CodeMain (codeSeq,codeId,codeValue,codeShow,codeSort) values (403,'ovOrderStatus','2','已付款/對帳失敗',2);
insert into CodeMain (codeSeq,codeId,codeValue,codeShow,codeSort) values (404,'ovOrderStatus','3','已付款/未對帳',3);
insert into CodeMain (codeSeq,codeId,codeValue,codeShow,codeSort) values (405,'ovOrderStatus','1','已付款/對帳成功',1);
insert into CodeMain (codeSeq,codeId,codeValue,codeShow,codeSort) values (406,'ovOrderStatus','4','交易未完成',100);
insert into CodeMain (codeSeq,codeId,codeValue,codeShow,codeSort) values (407,'ovOrderStatus','5','交易失敗',100);
insert into CodeMain (codeSeq,codeId,codeValue,codeShow,codeSort) values (408,'ovOrderStatus','6','取消訂單',100);
insert into CodeMain (codeSeq,codeId,codeValue,codeShow,codeSort) values (409,'ovGoods','1','商品',100);
insert into CodeMain (codeSeq,codeId,codeValue,codeShow,codeSort) values (410,'ovGoods','2','課程',100);
insert into CodeMain (codeSeq,codeId,codeValue,codeShow,codeSort) values (411,'memIdentity4LS','-1','未登入',100);
insert into CodeMain (codeSeq,codeId,codeValue,codeShow,codeSort) values (412,'memIdentity4LS','0','網路會員',100);
insert into CodeMain (codeSeq,codeId,codeValue,codeShow,codeSort) values (413,'memIdentity4LS','1','訂戶會員',100);
insert into CodeMain (codeSeq,codeId,codeValue,codeShow,codeSort) values (414,'memIdentity4LS','2','舊訂戶會員',100);
insert into CodeMain (codeSeq,codeId,codeValue,codeShow,codeSort) values (415,'memIdentity4LS','3','公關會員',100);
insert into CodeMain (codeSeq,codeId,codeValue,codeShow,codeSort) values (416,'imgSort','imgUploadTime desc','上傳時間',100);
insert into CodeMain (codeSeq,codeId,codeValue,codeShow,codeSort) values (417,'imgSort','imgUploadUser desc','上傳者',100);
insert into CodeMain (codeSeq,codeId,codeValue,codeShow,codeSort) values (418,'paidMode','1','信用卡',100);
insert into CodeMain (codeSeq,codeId,codeValue,codeShow,codeSort) values (419,'paidMode','2','ATM',100);
insert into CodeMain (codeSeq,codeId,codeValue,codeShow,codeSort) values (420,'paidMode','3','今幣',100);
insert into CodeMain (codeSeq,codeId,codeValue,codeShow,codeSort) values (421,'paidMode','4','免費',100);
insert into CodeMain (codeSeq,codeId,codeValue,codeShow,codeSort) values (422,'billingStatus','0','未請款',100);
insert into CodeMain (codeSeq,codeId,codeValue,codeShow,codeSort) values (423,'billingStatus','1','請款失敗',100);
insert into CodeMain (codeSeq,codeId,codeValue,codeShow,codeSort) values (424,'billingStatus','2','已請款',100);
insert into CodeMain (codeSeq,codeId,codeValue,codeShow,codeSort) values (425,'nodeLayerCode','1','下1層',100);
insert into CodeMain (codeSeq,codeId,codeValue,codeShow,codeSort) values (426,'nodeLayerCode','2','下2層',100);
insert into CodeMain (codeSeq,codeId,codeValue,codeShow,codeSort) values (427,'apSource','chartNews','圖表新聞',100);
insert into CodeMain (codeSeq,codeId,codeValue,codeShow,codeSort) values (428,'apSource','extensionRead','延伸閱讀',100);
insert into CodeMain (codeSeq,codeId,codeValue,codeShow,codeSort) values (429,'apSource','focusNp','子首頁焦點',100);
insert into CodeMain (codeSeq,codeId,codeValue,codeShow,codeSort) values (430,'apSource','hit_article','熱門文章',100);
insert into CodeMain (codeSeq,codeId,codeValue,codeShow,codeSort) values (431,'apSource','hit_result','排行榜',100);
insert into CodeMain (codeSeq,codeId,codeValue,codeShow,codeSort) values (432,'apSource','hot_site','全站熱門',100);
insert into CodeMain (codeSeq,codeId,codeValue,codeShow,codeSort) values (433,'apSource','hot_unit','熱門單元',100);
insert into CodeMain (codeSeq,codeId,codeValue,codeShow,codeSort) values (434,'apSource','hot_nl','熱門單元NL',100);
insert into CodeMain (codeSeq,codeId,codeValue,codeShow,codeSort) values (435,'apSource','interested','您可能有興趣',100);
insert into CodeMain (codeSeq,codeId,codeValue,codeShow,codeSort) values (436,'apSource','journal','延伸閱讀',100);
insert into CodeMain (codeSeq,codeId,codeValue,codeShow,codeSort) values (437,'apSource','LectureNp1','最新課程',100);
insert into CodeMain (codeSeq,codeId,codeValue,codeShow,codeSort) values (438,'apSource','LectureNp2','課程回顧',100);
insert into CodeMain (codeSeq,codeId,codeValue,codeShow,codeSort) values (439,'apSource','magazine','雜誌區塊',100);
insert into CodeMain (codeSeq,codeId,codeValue,codeShow,codeSort) values (440,'apSource','media','多媒體區塊',100);
insert into CodeMain (codeSeq,codeId,codeValue,codeShow,codeSort) values (441,'apSource','member','會員區塊',100);
insert into CodeMain (codeSeq,codeId,codeValue,codeShow,codeSort) values (442,'apSource','memberFloat','會員浮動區塊',100);
insert into CodeMain (codeSeq,codeId,codeValue,codeShow,codeSort) values (443,'apSource','newestSentence','最新一句話',100);
insert into CodeMain (codeSeq,codeId,codeValue,codeShow,codeSort) values (444,'apSource','people_view','分類',100);
insert into CodeMain (codeSeq,codeId,codeValue,codeShow,codeSort) values (445,'apSource','publishing','出版櫥窗',100);
insert into CodeMain (codeSeq,codeId,codeValue,codeShow,codeSort) values (446,'apSource','search','搜尋框',100);
insert into CodeMain (codeSeq,codeId,codeValue,codeShow,codeSort) values (447,'mpGroupStyle','mpStyles/mp_E_ap.xsl','熱門排行',100);
insert into CodeMain (codeSeq,codeId,codeValue,codeShow,codeSort) values (448,'mpGroupStyle','mpStyles/mp_E.xsl','主題故事',100);
insert into CodeMain (codeSeq,codeId,codeValue,codeShow,codeSort) values (449,'mpGroupStyle','mpStyles/mp_F.xsl','人物觀點',100);
insert into CodeMain (codeSeq,codeId,codeValue,codeShow,codeSort) values (450,'mpGroupStyle','mpStyles/mp_G.xsl','櫥窗',100);
insert into CodeMain (codeSeq,codeId,codeValue,codeShow,codeSort) values (451,'mpDataStyle','mpStyles/mp_B.xsl','首頁大焦點廣告樣式',100);
insert into CodeMain (codeSeq,codeId,codeValue,codeShow,codeSort) values (452,'mpDataStyle','mpStyles/mp_C.xsl','首頁右上廣告樣式',100);
insert into CodeMain (codeSeq,codeId,codeValue,codeShow,codeSort) values (453,'mpDataStyle','mpStyles/mp_D.xsl','首頁左下廣告樣式',100);
insert into CodeMain (codeSeq,codeId,codeValue,codeShow,codeSort) values (454,'mpDataStyle','mpStyles/mp_I.xsl','首頁中間廣告樣式',100);
insert into CodeMain (codeSeq,codeId,codeValue,codeShow,codeSort) values (455,'dataSort','sCreateDate desc','上架日新→舊',100);
insert into CodeMain (codeSeq,codeId,codeValue,codeShow,codeSort) values (456,'dataSort','sImportance desc,sStartDate desc','先「重要性大→小」再「發布日新→舊」',100);
insert into CodeMain (codeSeq,codeId,codeValue,codeShow,codeSort) values (457,'dataSort','sCreateDate desc,sImportance desc','先「上架日新→舊」再「重要性大→小」',100);
insert into CodeMain (codeSeq,codeId,codeValue,codeShow,codeSort) values (459,'npDataStyle','npStyles/np_Focus.xsl','子首頁焦點樣式',100);
insert into CodeMain (codeSeq,codeId,codeValue,codeShow,codeSort) values (460,'npDataStyle','npStyles/np_LectureAd.xsl','子首頁講座廣告樣式',100);
insert into CodeMain (codeSeq,codeId,codeValue,codeShow,codeSort) values (461,'npStyle','npStyles/np_List.xsl','子首頁條列樣式',100);
insert into CodeMain (codeSeq,codeId,codeValue,codeShow,codeSort) values (462,'lpGroupStyle','lpStyles/lp_blogRight.xsl','條列頁部落格右欄樣式',100);
insert into CodeMain (codeSeq,codeId,codeValue,codeShow,codeSort) values (464,'lpGroupStyle','lpStyles/lp_Right.xsl','條列頁一般右欄樣式',100);
insert into CodeMain (codeSeq,codeId,codeValue,codeShow,codeSort) values (465,'lpDataStyle','lpStyles/lp_ECAd.xsl','條列頁EC廣告樣式',100);
insert into CodeMain (codeSeq,codeId,codeValue,codeShow,codeSort) values (466,'lpDataStyle','lpStyles/lp_Focus.xsl','條列頁焦點樣式',100);
insert into CodeMain (codeSeq,codeId,codeValue,codeShow,codeSort) values (467,'lpStyle','lpStyles/lp_Commodity.xsl','條列頁商品樣式',100);
insert into CodeMain (codeSeq,codeId,codeValue,codeShow,codeSort) values (468,'lpStyle','lpStyles/lp_Grid.xsl','條列頁圖文樣式',100);
insert into CodeMain (codeSeq,codeId,codeValue,codeShow,codeSort) values (469,'lpStyle','lpStyles/lp_List.xsl','條列頁條列樣式',100);
insert into CodeMain (codeSeq,codeId,codeValue,codeShow,codeSort) values (471,'retcode','00','交易成功',100);
insert into CodeMain (codeSeq,codeId,codeValue,codeShow,codeSort) values (472,'retcode','1','不能winsock dll 初值',101);
insert into CodeMain (codeSeq,codeId,codeValue,codeShow,codeSort) values (473,'retcode','10','無法讀取商店端RSA 檔',110);
insert into CodeMain (codeSeq,codeId,codeValue,codeShow,codeSort) values (474,'retcode','100','商家端未帶Source IP 上來',200);
insert into CodeMain (codeSeq,codeId,codeValue,codeShow,codeSort) values (475,'retcode','101','連結伺服器位址錯誤',201);
insert into CodeMain (codeSeq,codeId,codeValue,codeShow,codeSort) values (476,'retcode','11','系統異常',111);
insert into CodeMain (codeSeq,codeId,codeValue,codeShow,codeSort) values (477,'retcode','12','接收訊息顯示錯誤',112);
insert into CodeMain (codeSeq,codeId,codeValue,codeShow,codeSort) values (478,'retcode','13','無請求訊息',113);
insert into CodeMain (codeSeq,codeId,codeValue,codeShow,codeSort) values (479,'retcode','14','無回應內容',114);
insert into CodeMain (codeSeq,codeId,codeValue,codeShow,codeSort) values (480,'retcode','18','無設定商家接收檔位址',118);
insert into CodeMain (codeSeq,codeId,codeValue,codeShow,codeSort) values (481,'retcode','19','無設定伺服器連線位址',119);
insert into CodeMain (codeSeq,codeId,codeValue,codeShow,codeSort) values (482,'retcode','2','網路串流無法建立',102);
insert into CodeMain (codeSeq,codeId,codeValue,codeShow,codeSort) values (483,'retcode','20','請檢查連結位址是否正確',120);
insert into CodeMain (codeSeq,codeId,codeValue,codeShow,codeSort) values (484,'retcode','21','檔開啟錯誤',121);
insert into CodeMain (codeSeq,codeId,codeValue,codeShow,codeSort) values (485,'retcode','22','金流RSA KEY 開啟錯誤',122);
insert into CodeMain (codeSeq,codeId,codeValue,codeShow,codeSort) values (486,'retcode','23','金流RSA KEY 讀取錯誤',123);
insert into CodeMain (codeSeq,codeId,codeValue,codeShow,codeSort) values (487,'retcode','24','Hiserver config 檔錯誤',124);
insert into CodeMain (codeSeq,codeId,codeValue,codeShow,codeSort) values (488,'retcode','25','商店Config 檔開啟錯誤',125);
insert into CodeMain (codeSeq,codeId,codeValue,codeShow,codeSort) values (489,'retcode','26','商店RSA KEY 開啟錯誤',126);
insert into CodeMain (codeSeq,codeId,codeValue,codeShow,codeSort) values (490,'retcode','27','商店RSA KEY 讀取錯誤',127);
insert into CodeMain (codeSeq,codeId,codeValue,codeShow,codeSort) values (491,'retcode','28','HiMerchant Config 檔錯誤',128);
insert into CodeMain (codeSeq,codeId,codeValue,codeShow,codeSort) values (492,'retcode','29','Server 類型未知',129);
insert into CodeMain (codeSeq,codeId,codeValue,codeShow,codeSort) values (493,'retcode','3','無請求訊息',103);
insert into CodeMain (codeSeq,codeId,codeValue,codeShow,codeSort) values (494,'retcode','30','連線類型未知',130);
insert into CodeMain (codeSeq,codeId,codeValue,codeShow,codeSort) values (495,'retcode','308','訂單編號重覆，但成功授權',408);
insert into CodeMain (codeSeq,codeId,codeValue,codeShow,codeSort) values (496,'retcode','31','訂單編號為空值',131);
insert into CodeMain (codeSeq,codeId,codeValue,codeShow,codeSort) values (497,'retcode','32','商家代碼為空值',132);
insert into CodeMain (codeSeq,codeId,codeValue,codeShow,codeSort) values (498,'retcode','33','訂單敘述為空值',133);
insert into CodeMain (codeSeq,codeId,codeValue,codeShow,codeSort) values (499,'retcode','34','幣別欄位空值',134);
insert into CodeMain (codeSeq,codeId,codeValue,codeShow,codeSort) values (500,'retcode','35','金額為空值',135);
insert into CodeMain (codeSeq,codeId,codeValue,codeShow,codeSort) values (501,'retcode','36','OrderURL 為空值',136);
insert into CodeMain (codeSeq,codeId,codeValue,codeShow,codeSort) values (502,'retcode','37','ReturnURL 為空值',137);
insert into CodeMain (codeSeq,codeId,codeValue,codeShow,codeSort) values (503,'retcode','38','DEPOSIT 為空值',138);
insert into CodeMain (codeSeq,codeId,codeValue,codeShow,codeSort) values (504,'retcode','39','QUERYFLAG 為空值',139);
insert into CodeMain (codeSeq,codeId,codeValue,codeShow,codeSort) values (505,'retcode','4','請確認防火牆設定/無法連結至金流伺服器',104);
insert into CodeMain (codeSeq,codeId,codeValue,codeShow,codeSort) values (506,'retcode','40','UpdateURL 為空值',140);
insert into CodeMain (codeSeq,codeId,codeValue,codeShow,codeSort) values (507,'retcode','41','MerUpdateURL 為空值',141);
insert into CodeMain (codeSeq,codeId,codeValue,codeShow,codeSort) values (508,'retcode','42','KEY 為空值',142);
insert into CodeMain (codeSeq,codeId,codeValue,codeShow,codeSort) values (509,'retcode','43','MAC 為空值',143);
insert into CodeMain (codeSeq,codeId,codeValue,codeShow,codeSort) values (510,'retcode','44','CIPHER 為空值',144);
insert into CodeMain (codeSeq,codeId,codeValue,codeShow,codeSort) values (511,'retcode','45','TrxType 值錯誤',145);
insert into CodeMain (codeSeq,codeId,codeValue,codeShow,codeSort) values (512,'retcode','5','網路連線通道錯誤',105);
insert into CodeMain (codeSeq,codeId,codeValue,codeShow,codeSort) values (513,'retcode','6','無法接收資料',106);
insert into CodeMain (codeSeq,codeId,codeValue,codeShow,codeSort) values (514,'retcode','7','訊息不完整/收到錯誤訊息',107);
insert into CodeMain (codeSeq,codeId,codeValue,codeShow,codeSort) values (515,'retcode','8','不能設定環境初值',108);
insert into CodeMain (codeSeq,codeId,codeValue,codeShow,codeSort) values (516,'retcode','9','無法讀取伺服器端RSA 檔',109);
insert into CodeMain (codeSeq,codeId,codeValue,codeShow,codeSort) values (517,'retcode','positive','銀行訊息，請洽收單銀行或 HiTRUST 客服中心查詢',500);
insert into CodeMain (codeSeq,codeId,codeValue,codeShow,codeSort) values (518,'retcode','ZU','Bank settlement 銀行清算中',501);
insert into CodeMain (codeSeq,codeId,codeValue,codeShow,codeSort) values (519,'retcode','ZY','TimeOut交易逾時',502);
insert into CodeMain (codeSeq,codeId,codeValue,codeShow,codeSort) values (520,'mpGroupStyle','mpStyles/mp_C.xsl','首頁右上書籍樣式',100);
insert into CodeMain (codeSeq,codeId,codeValue,codeShow,codeSort) values (521,'mpDataStyle','mpStyles/mp_G.xsl','首頁下方櫥窗樣式',100);
insert into CodeMain (codeSeq,codeId,codeValue,codeShow,codeSort) values (522,'lectureInfoBat','1','整批取消',100);
insert into CodeMain (codeSeq,codeId,codeValue,codeShow,codeSort) values (523,'lectureInfoBat','2','整批匯出',100);
insert into CodeMain (codeSeq,codeId,codeValue,codeShow,codeSort) values (524,'shelvesECMail','userName','管理者',100);
insert into CodeMain (codeSeq,codeId,codeValue,codeShow,codeSort) values (525,'shelvesECMail','userMail','istar0001@gmail.com',100);
insert into CodeMain (codeSeq,codeId,codeValue,codeShow,codeSort) values (526,'lpGroupStyle','lpStyles/lp_Focus.xsl','條列頁焦點樣式',100);
insert into CodeMain (codeSeq,codeId,codeValue,codeShow,codeSort) values (527,'mpGroupStyle','mpStyles/mp_D.xsl','首頁左下廣告樣式',100);
insert into CodeMain (codeSeq,codeId,codeValue,codeShow,codeSort) values (528,'lectureType','1','一般價',100);
insert into CodeMain (codeSeq,codeId,codeValue,codeShow,codeSort) values (529,'lectureType','2','訂戶價',100);
insert into CodeMain (codeSeq,codeId,codeValue,codeShow,codeSort) values (530,'lectureType','3','早鳥價',100);
insert into CodeMain (codeSeq,codeId,codeValue,codeShow,codeSort) values (531,'CcType','3','滿額贈',100);
insert into CodeMain (codeSeq,codeId,codeValue,codeShow,codeSort) values (532,'treeStyle','M6','大師輕鬆講2013樣式',100);
insert into CodeMain (codeSeq,codeId,codeValue,codeShow,codeSort) values (533,'memLoginType','0','網站驗證',100);
insert into CodeMain (codeSeq,codeId,codeValue,codeShow,codeSort) values (534,'memLoginType','1','Google',100);
insert into CodeMain (codeSeq,codeId,codeValue,codeShow,codeSort) values (535,'memLoginType','2','FaceBook',100);
insert into CodeMain (codeSeq,codeId,codeValue,codeShow,codeSort) values (536,'memLoginType','3','狀態四',100);
insert into CodeMain (codeSeq,codeId,codeValue,codeShow,codeSort) values (537,'apSource','recommend','人物觀點-編輯推薦',100);
insert into CodeMain (codeSeq,codeId,codeValue,codeShow,codeSort) values (538,'lectureInfoBat','3','整批通知',100);
insert into CodeMain (codeSeq,codeId,codeValue,codeShow,codeSort) values (539,'npGroupStyle','npStyles/np_Focus.xsl','子首頁焦點樣式',100);
insert into CodeMain (codeSeq,codeId,codeValue,codeShow,codeSort) values (547,'npStyle','npStyles/np_EC.xsl','子首頁EC條列樣式',100);
insert into CodeMain (codeSeq,codeId,codeValue,codeShow,codeSort) values (550,'oldWebsite','website1','website1',100);
insert into CodeMain (codeSeq,codeId,codeValue,codeShow,codeSort) values (552,'emailSubject','講座提前通知','講座提前通知',50);
insert into CodeMain (codeSeq,codeId,codeValue,codeShow,codeSort) values (553,'emailSubject','講座購買成功通知','已收到您的訂單(訂單編號:${ordernumber})',100);
SET IDENTITY_INSERT dbo.CodeMain OFF;

SET IDENTITY_INSERT dbo.CodeMetaDef ON;
insert into CodeMetaDef (codeMetaSeq,codeMetaId,codeMetaName,codeMetaTblName,codeMetaSrcFld,codeMetaSrcItem,codeMetaValueFld,codeMetaValueFldName,codeMetaShowFld,codeMetaShowFldName,codeMetaSortFld,codeMetaSortFldName,codeMetaType,showOrNot,codeMetaSort) values (3,'showYN','是否公開','CodeMain','codeId','showYN','codeValue','代碼值','codeShow','顯示值','codeSort','排序值','代碼參照','1',100);
insert into CodeMetaDef (codeMetaSeq,codeMetaId,codeMetaName,codeMetaTblName,codeMetaSrcFld,codeMetaSrcItem,codeMetaValueFld,codeMetaValueFldName,codeMetaShowFld,codeMetaShowFldName,codeMetaSortFld,codeMetaSortFldName,codeMetaType,showOrNot,codeMetaSort) values (4,'loginYN','會員登入','CodeMain','codeId','loginYN','codeValue','代碼值','codeShow','顯示值','codeSort','排序值','代碼參照','1',100);
insert into CodeMetaDef (codeMetaSeq,codeMetaId,codeMetaName,codeMetaTblName,codeMetaSrcFld,codeMetaSrcItem,codeMetaValueFld,codeMetaValueFldName,codeMetaShowFld,codeMetaShowFldName,codeMetaSortFld,codeMetaSortFldName,codeMetaType,showOrNot,codeMetaSort) values (5,'subScribeYN','是否訂戶','CodeMain','codeId','subScribeYN','codeValue','代碼值','codeShow','顯示值','codeSort','排序值','代碼參照','1',100);
insert into CodeMetaDef (codeMetaSeq,codeMetaId,codeMetaName,codeMetaTblName,codeMetaSrcFld,codeMetaSrcItem,codeMetaValueFld,codeMetaValueFldName,codeMetaShowFld,codeMetaShowFldName,codeMetaSortFld,codeMetaSortFldName,codeMetaType,showOrNot,codeMetaSort) values (6,'readYN','閱讀權限','CodeMain','codeId','readYN','codeValue','代碼值','codeShow','顯示值','codeSort','排序值','代碼參照','1',100);
insert into CodeMetaDef (codeMetaSeq,codeMetaId,codeMetaName,codeMetaTblName,codeMetaSrcFld,codeMetaSrcItem,codeMetaValueFld,codeMetaValueFldName,codeMetaShowFld,codeMetaShowFldName,codeMetaSortFld,codeMetaSortFldName,codeMetaType,showOrNot,codeMetaSort) values (7,'sourceLoc','出處','CodeMain','codeId','sourceLoc','codeValue','代碼值','codeShow','顯示值','codeSort','排序值','代碼參照','1',100);
insert into CodeMetaDef (codeMetaSeq,codeMetaId,codeMetaName,codeMetaTblName,codeMetaSrcFld,codeMetaSrcItem,codeMetaValueFld,codeMetaValueFldName,codeMetaShowFld,codeMetaShowFldName,codeMetaSortFld,codeMetaSortFldName,codeMetaType,showOrNot,codeMetaSort) values (8,'doShow','do狀態','CodeMain','codeId','mgShow','codeValue','代碼值','codeShow','顯示值','codeSort','排序值','代碼參照','1',100);
insert into CodeMetaDef (codeMetaSeq,codeMetaId,codeMetaName,codeMetaTblName,codeMetaSrcFld,codeMetaSrcItem,codeMetaValueFld,codeMetaValueFldName,codeMetaShowFld,codeMetaShowFldName,codeMetaSortFld,codeMetaSortFldName,codeMetaType,showOrNot,codeMetaSort) values (9,'introCheck','導讀設定','CodeMain','codeId','introCheck','codeValue','代碼值','codeShow','顯示值','codeSort','排序值','代碼參照','1',100);
insert into CodeMetaDef (codeMetaSeq,codeMetaId,codeMetaName,codeMetaTblName,codeMetaSrcFld,codeMetaSrcItem,codeMetaValueFld,codeMetaValueFldName,codeMetaShowFld,codeMetaShowFldName,codeMetaSortFld,codeMetaSortFldName,codeMetaType,showOrNot,codeMetaSort) values (10,'dataCollection','資料集','DataSetUnit','codeId','dataCollection','id','代碼值','name','顯示值','','排序值','資料集','1',100);
insert into CodeMetaDef (codeMetaSeq,codeMetaId,codeMetaName,codeMetaTblName,codeMetaSrcFld,codeMetaSrcItem,codeMetaValueFld,codeMetaValueFldName,codeMetaShowFld,codeMetaShowFldName,codeMetaSortFld,codeMetaSortFldName,codeMetaType,showOrNot,codeMetaSort) values (11,'isPublic','資料狀態','CodeMain','codeId','isPublic','codeValue','代碼值','codeShow','顯示值','codeSort','排序值','代碼參照','1',100);
insert into CodeMetaDef (codeMetaSeq,codeMetaId,codeMetaName,codeMetaTblName,codeMetaSrcFld,codeMetaSrcItem,codeMetaValueFld,codeMetaValueFldName,codeMetaShowFld,codeMetaShowFldName,codeMetaSortFld,codeMetaSortFldName,codeMetaType,showOrNot,codeMetaSort) values (12,'dsType','資料集種類','CodeMain','codeId','dsType','codeValue','代碼值','codeShow','顯示值','codeSort','排序值','代碼參照','1',100);
insert into CodeMetaDef (codeMetaSeq,codeMetaId,codeMetaName,codeMetaTblName,codeMetaSrcFld,codeMetaSrcItem,codeMetaValueFld,codeMetaValueFldName,codeMetaShowFld,codeMetaShowFldName,codeMetaSortFld,codeMetaSortFldName,codeMetaType,showOrNot,codeMetaSort) values (13,'orderBy','排序條件','CodeMain','codeId','orderBy','codeValue','代碼值','codeShow','顯示值','codeSort','排序值','代碼參照','1',100);
insert into CodeMetaDef (codeMetaSeq,codeMetaId,codeMetaName,codeMetaTblName,codeMetaSrcFld,codeMetaSrcItem,codeMetaValueFld,codeMetaValueFldName,codeMetaShowFld,codeMetaShowFldName,codeMetaSortFld,codeMetaSortFldName,codeMetaType,showOrNot,codeMetaSort) values (15,'otherQuery','其他條件','CodeMain','codeId','otherQuery','codeValue','代碼值','codeShow','顯示值','codeSort','排序值','代碼參照','1',100);
insert into CodeMetaDef (codeMetaSeq,codeMetaId,codeMetaName,codeMetaTblName,codeMetaSrcFld,codeMetaSrcItem,codeMetaValueFld,codeMetaValueFldName,codeMetaShowFld,codeMetaShowFldName,codeMetaSortFld,codeMetaSortFldName,codeMetaType,showOrNot,codeMetaSort) values (16,'reviewStatus','審核狀態','CodeMain','codeId','reviewStatus','codeValue','代碼值','codeShow','顯示值','codeSort','排序值','代碼參照','1',100);
insert into CodeMetaDef (codeMetaSeq,codeMetaId,codeMetaName,codeMetaTblName,codeMetaSrcFld,codeMetaSrcItem,codeMetaValueFld,codeMetaValueFldName,codeMetaShowFld,codeMetaShowFldName,codeMetaSortFld,codeMetaSortFldName,codeMetaType,showOrNot,codeMetaSort) values (17,'formShowYN','是否公開(表單)','CodeMain','codeId','formShowYN','codeValue','代碼值','codeShow','顯示值','codeSort','排序值','代碼參照','1',100);
insert into CodeMetaDef (codeMetaSeq,codeMetaId,codeMetaName,codeMetaTblName,codeMetaSrcFld,codeMetaSrcItem,codeMetaValueFld,codeMetaValueFldName,codeMetaShowFld,codeMetaShowFldName,codeMetaSortFld,codeMetaSortFldName,codeMetaType,showOrNot,codeMetaSort) values (18,'adType','廣告類型(表單)','CodeMain','codeId','adType','codeValue','代碼值','codeShow','顯示值','codeSort','排序值','代碼參照','1',100);
insert into CodeMetaDef (codeMetaSeq,codeMetaId,codeMetaName,codeMetaTblName,codeMetaSrcFld,codeMetaSrcItem,codeMetaValueFld,codeMetaValueFldName,codeMetaShowFld,codeMetaShowFldName,codeMetaSortFld,codeMetaSortFldName,codeMetaType,showOrNot,codeMetaSort) values (19,'treeStyle','樹樣式種類','CodeMain','codeId','treeStyle','codeValue','代碼值','codeShow','顯示值','codeSort','排序值','代碼參照','1',100);
insert into CodeMetaDef (codeMetaSeq,codeMetaId,codeMetaName,codeMetaTblName,codeMetaSrcFld,codeMetaSrcItem,codeMetaValueFld,codeMetaValueFldName,codeMetaShowFld,codeMetaShowFldName,codeMetaSortFld,codeMetaSortFldName,codeMetaType,showOrNot,codeMetaSort) values (20,'treeType','節點類別(表單)','CodeMain','codeId','treeType','codeValue','代碼值','codeShow','顯示值','codeSort','排序值','代碼參照','1',100);
insert into CodeMetaDef (codeMetaSeq,codeMetaId,codeMetaName,codeMetaTblName,codeMetaSrcFld,codeMetaSrcItem,codeMetaValueFld,codeMetaValueFldName,codeMetaShowFld,codeMetaShowFldName,codeMetaSortFld,codeMetaSortFldName,codeMetaType,showOrNot,codeMetaSort) values (21,'nodeStatus','節點狀態(表單)','CodeMain','codeId','nodeStatus','codeValue','代碼值','codeShow','顯示值','codeSort','排序值','代碼參照','1',100);
insert into CodeMetaDef (codeMetaSeq,codeMetaId,codeMetaName,codeMetaTblName,codeMetaSrcFld,codeMetaSrcItem,codeMetaValueFld,codeMetaValueFldName,codeMetaShowFld,codeMetaShowFldName,codeMetaSortFld,codeMetaSortFldName,codeMetaType,showOrNot,codeMetaSort) values (22,'mpGroupStyle','首頁群集區塊樣版','CodeMain','codeId','mpGroupStyle','codeValue','代碼值','codeShow','顯示值','codeSort','排序值','版面管理','1',100);
insert into CodeMetaDef (codeMetaSeq,codeMetaId,codeMetaName,codeMetaTblName,codeMetaSrcFld,codeMetaSrcItem,codeMetaValueFld,codeMetaValueFldName,codeMetaShowFld,codeMetaShowFldName,codeMetaSortFld,codeMetaSortFldName,codeMetaType,showOrNot,codeMetaSort) values (23,'yesOrNo','是或否','CodeMain','codeId','yesOrNo','codeValue','代碼值','codeShow','顯示值','codeSort','排序值','代碼參照','1',100);
insert into CodeMetaDef (codeMetaSeq,codeMetaId,codeMetaName,codeMetaTblName,codeMetaSrcFld,codeMetaSrcItem,codeMetaValueFld,codeMetaValueFldName,codeMetaShowFld,codeMetaShowFldName,codeMetaSortFld,codeMetaSortFldName,codeMetaType,showOrNot,codeMetaSort) values (24,'dataSort','資料排序','CodeMain','codeId','dataSort','codeValue','代碼值','codeShow','顯示值','codeSort','排序值','版面管理','1',100);
insert into CodeMetaDef (codeMetaSeq,codeMetaId,codeMetaName,codeMetaTblName,codeMetaSrcFld,codeMetaSrcItem,codeMetaValueFld,codeMetaValueFldName,codeMetaShowFld,codeMetaShowFldName,codeMetaSortFld,codeMetaSortFldName,codeMetaType,showOrNot,codeMetaSort) values (25,'npGroupStyle','子首頁群集區塊樣式','CodeMain','codeId','npGroupStyle','codeValue','代碼值','codeShow','顯示值','codeSort','排序值','版面管理','1',100);
insert into CodeMetaDef (codeMetaSeq,codeMetaId,codeMetaName,codeMetaTblName,codeMetaSrcFld,codeMetaSrcItem,codeMetaValueFld,codeMetaValueFldName,codeMetaShowFld,codeMetaShowFldName,codeMetaSortFld,codeMetaSortFldName,codeMetaType,showOrNot,codeMetaSort) values (26,'cacheSet','快取設定','CodeMain','codeId','cacheSet','codeValue','代碼值','codeShow','顯示值','codeSort','排序值','版面管理','1',100);
insert into CodeMetaDef (codeMetaSeq,codeMetaId,codeMetaName,codeMetaTblName,codeMetaSrcFld,codeMetaSrcItem,codeMetaValueFld,codeMetaValueFldName,codeMetaShowFld,codeMetaShowFldName,codeMetaSortFld,codeMetaSortFldName,codeMetaType,showOrNot,codeMetaSort) values (27,'apSource','程式來源','CodeMain','codeId','apSource','codeValue','代碼值','codeShow','顯示值','codeSort','排序值','版面管理','1',100);
insert into CodeMetaDef (codeMetaSeq,codeMetaId,codeMetaName,codeMetaTblName,codeMetaSrcFld,codeMetaSrcItem,codeMetaValueFld,codeMetaValueFldName,codeMetaShowFld,codeMetaShowFldName,codeMetaSortFld,codeMetaSortFldName,codeMetaType,showOrNot,codeMetaSort) values (28,'menuLayout','目錄區塊樣版','CodeMain','codeId','menuLayout','codeValue','代碼值','codeShow','顯示值','codeSort','排序值','版面管理','1',100);
insert into CodeMetaDef (codeMetaSeq,codeMetaId,codeMetaName,codeMetaTblName,codeMetaSrcFld,codeMetaSrcItem,codeMetaValueFld,codeMetaValueFldName,codeMetaShowFld,codeMetaShowFldName,codeMetaSortFld,codeMetaSortFldName,codeMetaType,showOrNot,codeMetaSort) values (29,'menuType','目錄開合設定','CodeMain','codeId','menuType','codeValue','代碼值','codeShow','顯示值','codeSort','排序值','版面管理','1',100);
insert into CodeMetaDef (codeMetaSeq,codeMetaId,codeMetaName,codeMetaTblName,codeMetaSrcFld,codeMetaSrcItem,codeMetaValueFld,codeMetaValueFldName,codeMetaShowFld,codeMetaShowFldName,codeMetaSortFld,codeMetaSortFldName,codeMetaType,showOrNot,codeMetaSort) values (31,'shelvesStatus','上架狀態','CodeMain','codeId','shelvesStatus','codeValue','代碼值','codeShow','顯示值','codeSort','排序值','上架','1',100);
insert into CodeMetaDef (codeMetaSeq,codeMetaId,codeMetaName,codeMetaTblName,codeMetaSrcFld,codeMetaSrcItem,codeMetaValueFld,codeMetaValueFldName,codeMetaShowFld,codeMetaShowFldName,codeMetaSortFld,codeMetaSortFldName,codeMetaType,showOrNot,codeMetaSort) values (32,'webMode','網站模式(表單)','CodeMain','codeId','webMode','codeValue','代碼值','codeShow','顯示值','codeSort','排序值','代碼參照','1',100);
insert into CodeMetaDef (codeMetaSeq,codeMetaId,codeMetaName,codeMetaTblName,codeMetaSrcFld,codeMetaSrcItem,codeMetaValueFld,codeMetaValueFldName,codeMetaShowFld,codeMetaShowFldName,codeMetaSortFld,codeMetaSortFldName,codeMetaType,showOrNot,codeMetaSort) values (33,'webType','網站類別(表單)','CodeMain','codeId','webType','codeValue','代碼值','codeShow','顯示值','codeSort','排序值','代碼參照','1',100);
insert into CodeMetaDef (codeMetaSeq,codeMetaId,codeMetaName,codeMetaTblName,codeMetaSrcFld,codeMetaSrcItem,codeMetaValueFld,codeMetaValueFldName,codeMetaShowFld,codeMetaShowFldName,codeMetaSortFld,codeMetaSortFldName,codeMetaType,showOrNot,codeMetaSort) values (34,'coStatus','今幣管理狀態','CodeMain','codeId','coStatus','codeValue','代碼值','codeShow','顯示值','codeSort','排序值','今幣管理','1',100);
insert into CodeMetaDef (codeMetaSeq,codeMetaId,codeMetaName,codeMetaTblName,codeMetaSrcFld,codeMetaSrcItem,codeMetaValueFld,codeMetaValueFldName,codeMetaShowFld,codeMetaShowFldName,codeMetaSortFld,codeMetaSortFldName,codeMetaType,showOrNot,codeMetaSort) values (35,'coClass','今幣類別','CodeMain','codeId','coClass','codeValue','代碼值','codeShow','顯示值','codeSort','排序值','今幣管理','1',100);
insert into CodeMetaDef (codeMetaSeq,codeMetaId,codeMetaName,codeMetaTblName,codeMetaSrcFld,codeMetaSrcItem,codeMetaValueFld,codeMetaValueFldName,codeMetaShowFld,codeMetaShowFldName,codeMetaSortFld,codeMetaSortFldName,codeMetaType,showOrNot,codeMetaSort) values (36,'coReGet','是否重覆取得','CodeMain','codeId','coReGet','codeValue','代碼值','codeShow','顯示值','codeSort','排序值','今幣管理','1',100);
insert into CodeMetaDef (codeMetaSeq,codeMetaId,codeMetaName,codeMetaTblName,codeMetaSrcFld,codeMetaSrcItem,codeMetaValueFld,codeMetaValueFldName,codeMetaShowFld,codeMetaShowFldName,codeMetaSortFld,codeMetaSortFldName,codeMetaType,showOrNot,codeMetaSort) values (37,'notice','通知設定(表單)','CodeMain','codeId','notice','codeValue','代碼值','codeShow','顯示值','codeSort','排序值','代碼參照','1',100);
insert into CodeMetaDef (codeMetaSeq,codeMetaId,codeMetaName,codeMetaTblName,codeMetaSrcFld,codeMetaSrcItem,codeMetaValueFld,codeMetaValueFldName,codeMetaShowFld,codeMetaShowFldName,codeMetaSortFld,codeMetaSortFldName,codeMetaType,showOrNot,codeMetaSort) values (38,'signUp','報名欄位設定(表單)','CodeMain','codeId','signUp','codeValue','代碼值','codeShow','顯示值','codeSort','排序值','代碼參照','1',100);
insert into CodeMetaDef (codeMetaSeq,codeMetaId,codeMetaName,codeMetaTblName,codeMetaSrcFld,codeMetaSrcItem,codeMetaValueFld,codeMetaValueFldName,codeMetaShowFld,codeMetaShowFldName,codeMetaSortFld,codeMetaSortFldName,codeMetaType,showOrNot,codeMetaSort) values (39,'lecType','講座類別(表單)','CodeMain','codeId','lecType','codeValue','代碼值','codeShow','顯示值','codeSort','排序值','代碼參照','1',100);
insert into CodeMetaDef (codeMetaSeq,codeMetaId,codeMetaName,codeMetaTblName,codeMetaSrcFld,codeMetaSrcItem,codeMetaValueFld,codeMetaValueFldName,codeMetaShowFld,codeMetaShowFldName,codeMetaSortFld,codeMetaSortFldName,codeMetaType,showOrNot,codeMetaSort) values (40,'focusOrderBy','焦點排序','CodeMain','codeId','focusOrderBy','codeValue','代碼值','codeShow','顯示值','codeSort','排序值','代碼參照','1',100);
insert into CodeMetaDef (codeMetaSeq,codeMetaId,codeMetaName,codeMetaTblName,codeMetaSrcFld,codeMetaSrcItem,codeMetaValueFld,codeMetaValueFldName,codeMetaShowFld,codeMetaShowFldName,codeMetaSortFld,codeMetaSortFldName,codeMetaType,showOrNot,codeMetaSort) values (41,'shelvesMainMuti','上架主內容批次管理','CodeMain','codeId','shelvesMainMuti','codeValue','代碼值','codeShow','顯示值','codeSort','排序值','上架','1',100);
insert into CodeMetaDef (codeMetaSeq,codeMetaId,codeMetaName,codeMetaTblName,codeMetaSrcFld,codeMetaSrcItem,codeMetaValueFld,codeMetaValueFldName,codeMetaShowFld,codeMetaShowFldName,codeMetaSortFld,codeMetaSortFldName,codeMetaType,showOrNot,codeMetaSort) values (42,'coDetailStatus','今幣發送狀態','CodeMain','codeId','coDetailStatus','codeValue','代碼值','codeShow','顯示值','codeSort','排序值','今幣管理','1',100);
insert into CodeMetaDef (codeMetaSeq,codeMetaId,codeMetaName,codeMetaTblName,codeMetaSrcFld,codeMetaSrcItem,codeMetaValueFld,codeMetaValueFldName,codeMetaShowFld,codeMetaShowFldName,codeMetaSortFld,codeMetaSortFldName,codeMetaType,showOrNot,codeMetaSort) values (43,'shelvesAddMuti','上架批次新增','CodeMain','codeId','shelvesAddMuti','codeValue','代碼值','codeShow','顯示值','codeSort','排序值','上架','1',100);
insert into CodeMetaDef (codeMetaSeq,codeMetaId,codeMetaName,codeMetaTblName,codeMetaSrcFld,codeMetaSrcItem,codeMetaValueFld,codeMetaValueFldName,codeMetaShowFld,codeMetaShowFldName,codeMetaSortFld,codeMetaSortFldName,codeMetaType,showOrNot,codeMetaSort) values (44,'NpDataSort','單元排序','CodeMain','codeId','NpDataSort','codeValue','代碼值','codeShow','顯示值','codeSort','排序值','版面管理','1',100);
insert into CodeMetaDef (codeMetaSeq,codeMetaId,codeMetaName,codeMetaTblName,codeMetaSrcFld,codeMetaSrcItem,codeMetaValueFld,codeMetaValueFldName,codeMetaShowFld,codeMetaShowFldName,codeMetaSortFld,codeMetaSortFldName,codeMetaType,showOrNot,codeMetaSort) values (45,'layoutPublic','是否公開','CodeMain','codeId','layoutPublic','codeValue','代碼值','codeShow','顯示值','codeSort','排序值','版面管理','1',100);
insert into CodeMetaDef (codeMetaSeq,codeMetaId,codeMetaName,codeMetaTblName,codeMetaSrcFld,codeMetaSrcItem,codeMetaValueFld,codeMetaValueFldName,codeMetaShowFld,codeMetaShowFldName,codeMetaSortFld,codeMetaSortFldName,codeMetaType,showOrNot,codeMetaSort) values (46,'ShelvesArticle','文章上架查詢','CodeMain','codeId','ShelvesArticle','codeValue','代碼值','codeShow','顯示值','codeSort','排序值','上架','1',100);
insert into CodeMetaDef (codeMetaSeq,codeMetaId,codeMetaName,codeMetaTblName,codeMetaSrcFld,codeMetaSrcItem,codeMetaValueFld,codeMetaValueFldName,codeMetaShowFld,codeMetaShowFldName,codeMetaSortFld,codeMetaSortFldName,codeMetaType,showOrNot,codeMetaSort) values (47,'CommoditySource','商品上架來源','CodeMain','codeId','','codeValue','代碼值','codeShow','顯示值','codeSort','排序值','上架','1',100);
insert into CodeMetaDef (codeMetaSeq,codeMetaId,codeMetaName,codeMetaTblName,codeMetaSrcFld,codeMetaSrcItem,codeMetaValueFld,codeMetaValueFldName,codeMetaShowFld,codeMetaShowFldName,codeMetaSortFld,codeMetaSortFldName,codeMetaType,showOrNot,codeMetaSort) values (48,'CommodityType','商品分類','CodeMain','codeId','','codeValue','代碼值','codeShow','顯示值','codeSort','排序值','上架','1',100);
insert into CodeMetaDef (codeMetaSeq,codeMetaId,codeMetaName,codeMetaTblName,codeMetaSrcFld,codeMetaSrcItem,codeMetaValueFld,codeMetaValueFldName,codeMetaShowFld,codeMetaShowFldName,codeMetaSortFld,codeMetaSortFldName,codeMetaType,showOrNot,codeMetaSort) values (49,'CommodityMoudle','商品模式','CodeMain','codeId','','codeValue','代碼值','codeShow','顯示值','codeSort','排序值','上架','1',100);
insert into CodeMetaDef (codeMetaSeq,codeMetaId,codeMetaName,codeMetaTblName,codeMetaSrcFld,codeMetaSrcItem,codeMetaValueFld,codeMetaValueFldName,codeMetaShowFld,codeMetaShowFldName,codeMetaSortFld,codeMetaSortFldName,codeMetaType,showOrNot,codeMetaSort) values (50,'CommodityRule','訂購條件','CodeMain','codeId','','codeValue','代碼值','codeShow','顯示值','codeSort','排序值','上架','1',100);
insert into CodeMetaDef (codeMetaSeq,codeMetaId,codeMetaName,codeMetaTblName,codeMetaSrcFld,codeMetaSrcItem,codeMetaValueFld,codeMetaValueFldName,codeMetaShowFld,codeMetaShowFldName,codeMetaSortFld,codeMetaSortFldName,codeMetaType,showOrNot,codeMetaSort) values (51,'shelvesDsType','上架資料分類','CodeMain','codeId','shelvesDsType','codeValue','代碼值','codeShow','顯示值','codeSort','排序值','上架','1',100);
insert into CodeMetaDef (codeMetaSeq,codeMetaId,codeMetaName,codeMetaTblName,codeMetaSrcFld,codeMetaSrcItem,codeMetaValueFld,codeMetaValueFldName,codeMetaShowFld,codeMetaShowFldName,codeMetaSortFld,codeMetaSortFldName,codeMetaType,showOrNot,codeMetaSort) values (52,'taiwanCity','臺灣縣市','CodeMain','codeId','taiwanCity','codeValue','代碼值','codeShow','顯示值','codeSort','排序值','代碼參照','1',100);
insert into CodeMetaDef (codeMetaSeq,codeMetaId,codeMetaName,codeMetaTblName,codeMetaSrcFld,codeMetaSrcItem,codeMetaValueFld,codeMetaValueFldName,codeMetaShowFld,codeMetaShowFldName,codeMetaSortFld,codeMetaSortFldName,codeMetaType,showOrNot,codeMetaSort) values (54,'cpStyles','cp頁樣式','CodeMain','codeId','cpStyles','codeValue','代碼值','codeShow','顯示值','codeSort','排序值','版面管理','1',100);
insert into CodeMetaDef (codeMetaSeq,codeMetaId,codeMetaName,codeMetaTblName,codeMetaSrcFld,codeMetaSrcItem,codeMetaValueFld,codeMetaValueFldName,codeMetaShowFld,codeMetaShowFldName,codeMetaSortFld,codeMetaSortFldName,codeMetaType,showOrNot,codeMetaSort) values (55,'memSort','會員排序','CodeMain','codeId','memSort','codeValue','代碼值','codeShow','顯示值','codeSort','排序值','代碼參照','1',100);
insert into CodeMetaDef (codeMetaSeq,codeMetaId,codeMetaName,codeMetaTblName,codeMetaSrcFld,codeMetaSrcItem,codeMetaValueFld,codeMetaValueFldName,codeMetaShowFld,codeMetaShowFldName,codeMetaSortFld,codeMetaSortFldName,codeMetaType,showOrNot,codeMetaSort) values (56,'memIdentity','會員身分','CodeMain','codeId','memIdentity','codeValue','代碼值','codeShow','顯示值','codeSort','排序值','代碼參照','1',100);
insert into CodeMetaDef (codeMetaSeq,codeMetaId,codeMetaName,codeMetaTblName,codeMetaSrcFld,codeMetaSrcItem,codeMetaValueFld,codeMetaValueFldName,codeMetaShowFld,codeMetaShowFldName,codeMetaSortFld,codeMetaSortFldName,codeMetaType,showOrNot,codeMetaSort) values (57,'memStatus','會員狀態','CodeMain','codeId','memStatus','codeValue','代碼值','codeShow','顯示值','codeSort','排序值','代碼參照','1',100);
insert into CodeMetaDef (codeMetaSeq,codeMetaId,codeMetaName,codeMetaTblName,codeMetaSrcFld,codeMetaSrcItem,codeMetaValueFld,codeMetaValueFldName,codeMetaShowFld,codeMetaShowFldName,codeMetaSortFld,codeMetaSortFldName,codeMetaType,showOrNot,codeMetaSort) values (58,'memType','會員類別','CodeMain','codeId','memType','codeValue','代碼值','codeShow','顯示值','codeSort','排序值','代碼參照','1',100);
insert into CodeMetaDef (codeMetaSeq,codeMetaId,codeMetaName,codeMetaTblName,codeMetaSrcFld,codeMetaSrcItem,codeMetaValueFld,codeMetaValueFldName,codeMetaShowFld,codeMetaShowFldName,codeMetaSortFld,codeMetaSortFldName,codeMetaType,showOrNot,codeMetaSort) values (59,'memLoc','地址國內外','CodeMain','codeId','memLoc','codeValue','代碼值','codeShow','顯示值','codeSort','排序值','代碼參照','1',100);
insert into CodeMetaDef (codeMetaSeq,codeMetaId,codeMetaName,codeMetaTblName,codeMetaSrcFld,codeMetaSrcItem,codeMetaValueFld,codeMetaValueFldName,codeMetaShowFld,codeMetaShowFldName,codeMetaSortFld,codeMetaSortFldName,codeMetaType,showOrNot,codeMetaSort) values (60,'memSex','性別','CodeMain','codeId','memSex','codeValue','代碼值','codeShow','顯示值','codeSort','排序值','代碼參照','1',100);
insert into CodeMetaDef (codeMetaSeq,codeMetaId,codeMetaName,codeMetaTblName,codeMetaSrcFld,codeMetaSrcItem,codeMetaValueFld,codeMetaValueFldName,codeMetaShowFld,codeMetaShowFldName,codeMetaSortFld,codeMetaSortFldName,codeMetaType,showOrNot,codeMetaSort) values (61,'memMarry','婚姻狀況','CodeMain','codeId','memMarry','codeValue','代碼值','codeShow','顯示值','codeSort','排序值','代碼參照','1',100);
insert into CodeMetaDef (codeMetaSeq,codeMetaId,codeMetaName,codeMetaTblName,codeMetaSrcFld,codeMetaSrcItem,codeMetaValueFld,codeMetaValueFldName,codeMetaShowFld,codeMetaShowFldName,codeMetaSortFld,codeMetaSortFldName,codeMetaType,showOrNot,codeMetaSort) values (62,'haveOrNot','有或無','CodeMain','codeId','haveOrNot','codeValue','代碼值','codeShow','顯示值','codeSort','排序值','代碼參照','1',100);
insert into CodeMetaDef (codeMetaSeq,codeMetaId,codeMetaName,codeMetaTblName,codeMetaSrcFld,codeMetaSrcItem,codeMetaValueFld,codeMetaValueFldName,codeMetaShowFld,codeMetaShowFldName,codeMetaSortFld,codeMetaSortFldName,codeMetaType,showOrNot,codeMetaSort) values (63,'education','教育程度','CodeMain','codeId','education','codeValue','代碼值','codeShow','顯示值','codeSort','排序值','代碼參照','1',100);
insert into CodeMetaDef (codeMetaSeq,codeMetaId,codeMetaName,codeMetaTblName,codeMetaSrcFld,codeMetaSrcItem,codeMetaValueFld,codeMetaValueFldName,codeMetaShowFld,codeMetaShowFldName,codeMetaSortFld,codeMetaSortFldName,codeMetaType,showOrNot,codeMetaSort) values (64,'memIncome','個人年所得','CodeMain','codeId','memIncome','codeValue','代碼值','codeShow','顯示值','codeSort','排序值','代碼參照','1',100);
insert into CodeMetaDef (codeMetaSeq,codeMetaId,codeMetaName,codeMetaTblName,codeMetaSrcFld,codeMetaSrcItem,codeMetaValueFld,codeMetaValueFldName,codeMetaShowFld,codeMetaShowFldName,codeMetaSortFld,codeMetaSortFldName,codeMetaType,showOrNot,codeMetaSort) values (65,'memJob','職業','CodeMain','codeId','memJob','codeValue','代碼值','codeShow','顯示值','codeSort','排序值','代碼參照','1',100);
insert into CodeMetaDef (codeMetaSeq,codeMetaId,codeMetaName,codeMetaTblName,codeMetaSrcFld,codeMetaSrcItem,codeMetaValueFld,codeMetaValueFldName,codeMetaShowFld,codeMetaShowFldName,codeMetaSortFld,codeMetaSortFldName,codeMetaType,showOrNot,codeMetaSort) values (66,'memPosition','職務','CodeMain','codeId','memPosition','codeValue','代碼值','codeShow','顯示值','codeSort','排序值','代碼參照','1',100);
insert into CodeMetaDef (codeMetaSeq,codeMetaId,codeMetaName,codeMetaTblName,codeMetaSrcFld,codeMetaSrcItem,codeMetaValueFld,codeMetaValueFldName,codeMetaShowFld,codeMetaShowFldName,codeMetaSortFld,codeMetaSortFldName,codeMetaType,showOrNot,codeMetaSort) values (67,'memFavorite','喜好','CodeMain','codeId','memFavorite','codeValue','代碼值','codeShow','顯示值','codeSort','排序值','代碼參照','1',100);
insert into CodeMetaDef (codeMetaSeq,codeMetaId,codeMetaName,codeMetaTblName,codeMetaSrcFld,codeMetaSrcItem,codeMetaValueFld,codeMetaValueFldName,codeMetaShowFld,codeMetaShowFldName,codeMetaSortFld,codeMetaSortFldName,codeMetaType,showOrNot,codeMetaSort) values (68,'memSubScription','會員訂閱項目','CodeMain','codeId','memSubScription','codeValue','代碼值','codeShow','顯示值','codeSort','排序值','代碼參照','1',100);
insert into CodeMetaDef (codeMetaSeq,codeMetaId,codeMetaName,codeMetaTblName,codeMetaSrcFld,codeMetaSrcItem,codeMetaValueFld,codeMetaValueFldName,codeMetaShowFld,codeMetaShowFldName,codeMetaSortFld,codeMetaSortFldName,codeMetaType,showOrNot,codeMetaSort) values (69,'businessNo','企業代碼','CodeMain','codeId','businessNo','codeValue','代碼值','codeShow','顯示值','codeSort','排序值','購物管理','1',100);
insert into CodeMetaDef (codeMetaSeq,codeMetaId,codeMetaName,codeMetaTblName,codeMetaSrcFld,codeMetaSrcItem,codeMetaValueFld,codeMetaValueFldName,codeMetaShowFld,codeMetaShowFldName,codeMetaSortFld,codeMetaSortFldName,codeMetaType,showOrNot,codeMetaSort) values (70,'shelvesOrderBy','上架排序條件','CodeMain','codeId','helvesOrderBy','codeValue','代碼值','codeShow','顯示值','codeSort','排序值','上架','1',100);
insert into CodeMetaDef (codeMetaSeq,codeMetaId,codeMetaName,codeMetaTblName,codeMetaSrcFld,codeMetaSrcItem,codeMetaValueFld,codeMetaValueFldName,codeMetaShowFld,codeMetaShowFldName,codeMetaSortFld,codeMetaSortFldName,codeMetaType,showOrNot,codeMetaSort) values (71,'indexType','目錄類型','CodeMain','codeId','indexType','codeValue','代碼值','codeShow','顯示值','codeSort','排序值','代碼參照','1',100);
insert into CodeMetaDef (codeMetaSeq,codeMetaId,codeMetaName,codeMetaTblName,codeMetaSrcFld,codeMetaSrcItem,codeMetaValueFld,codeMetaValueFldName,codeMetaShowFld,codeMetaShowFldName,codeMetaSortFld,codeMetaSortFldName,codeMetaType,showOrNot,codeMetaSort) values (72,'shelves_article','上架_文章類','CodeMain','codeId','shelves_article','codeValue','代碼值','codeShow','顯示值','codeSort','排序值','上架','1',100);
insert into CodeMetaDef (codeMetaSeq,codeMetaId,codeMetaName,codeMetaTblName,codeMetaSrcFld,codeMetaSrcItem,codeMetaValueFld,codeMetaValueFldName,codeMetaShowFld,codeMetaShowFldName,codeMetaSortFld,codeMetaSortFldName,codeMetaType,showOrNot,codeMetaSort) values (73,'shelves_coin','上架_今幣兌換類','CodeMain','codeId','shelves_coin','codeValue','代碼值','codeShow','顯示值','codeSort','排序值','上架','1',100);
insert into CodeMetaDef (codeMetaSeq,codeMetaId,codeMetaName,codeMetaTblName,codeMetaSrcFld,codeMetaSrcItem,codeMetaValueFld,codeMetaValueFldName,codeMetaShowFld,codeMetaShowFldName,codeMetaSortFld,codeMetaSortFldName,codeMetaType,showOrNot,codeMetaSort) values (74,'shelves_money','上架_單一商品類','CodeMain','codeId','shelves_money','codeValue','代碼值','codeShow','顯示值','codeSort','排序值','上架','1',100);
insert into CodeMetaDef (codeMetaSeq,codeMetaId,codeMetaName,codeMetaTblName,codeMetaSrcFld,codeMetaSrcItem,codeMetaValueFld,codeMetaValueFldName,codeMetaShowFld,codeMetaShowFldName,codeMetaSortFld,codeMetaSortFldName,codeMetaType,showOrNot,codeMetaSort) values (75,'shelves_lecture','上架_講座類','CodeMain','codeId','shelves_lecture','codeValue','代碼值','codeShow','顯示值','codeSort','排序值','上架','1',100);
insert into CodeMetaDef (codeMetaSeq,codeMetaId,codeMetaName,codeMetaTblName,codeMetaSrcFld,codeMetaSrcItem,codeMetaValueFld,codeMetaValueFldName,codeMetaShowFld,codeMetaShowFldName,codeMetaSortFld,codeMetaSortFldName,codeMetaType,showOrNot,codeMetaSort) values (76,'CcType','促販模組','CodeMain','codeId','','codeValue','代碼值','codeShow','顯示值','codeSort','排序值','上架','1',100);
insert into CodeMetaDef (codeMetaSeq,codeMetaId,codeMetaName,codeMetaTblName,codeMetaSrcFld,codeMetaSrcItem,codeMetaValueFld,codeMetaValueFldName,codeMetaShowFld,codeMetaShowFldName,codeMetaSortFld,codeMetaSortFldName,codeMetaType,showOrNot,codeMetaSort) values (78,'freightPrice','運費價格','CodeMain','codeId','freightPrice','codeValue','代碼值','codeShow','顯示值','codeSort','排序值','購物管理','1',100);
insert into CodeMetaDef (codeMetaSeq,codeMetaId,codeMetaName,codeMetaTblName,codeMetaSrcFld,codeMetaSrcItem,codeMetaValueFld,codeMetaValueFldName,codeMetaShowFld,codeMetaShowFldName,codeMetaSortFld,codeMetaSortFldName,codeMetaType,showOrNot,codeMetaSort) values (79,'priceType','售價類型','CodeMain','codeId','','codeValue','代碼值','codeShow','顯示值','codeSort','排序值','上架','1',100);
insert into CodeMetaDef (codeMetaSeq,codeMetaId,codeMetaName,codeMetaTblName,codeMetaSrcFld,codeMetaSrcItem,codeMetaValueFld,codeMetaValueFldName,codeMetaShowFld,codeMetaShowFldName,codeMetaSortFld,codeMetaSortFldName,codeMetaType,showOrNot,codeMetaSort) values (80,'freightCode','運費代碼','CodeMain','codeId','','codeValue','代碼值','codeShow','顯示值','codeSort','排序值','購物管理','1',100);
insert into CodeMetaDef (codeMetaSeq,codeMetaId,codeMetaName,codeMetaTblName,codeMetaSrcFld,codeMetaSrcItem,codeMetaValueFld,codeMetaValueFldName,codeMetaShowFld,codeMetaShowFldName,codeMetaSortFld,codeMetaSortFldName,codeMetaType,showOrNot,codeMetaSort) values (81,'shelves_sales','上架_組合商品類','CodeMain','codeId','shelves_sales','codeValue','代碼值','codeShow','顯示值','codeSort','排序值','上架','1',100);
insert into CodeMetaDef (codeMetaSeq,codeMetaId,codeMetaName,codeMetaTblName,codeMetaSrcFld,codeMetaSrcItem,codeMetaValueFld,codeMetaValueFldName,codeMetaShowFld,codeMetaShowFldName,codeMetaSortFld,codeMetaSortFldName,codeMetaType,showOrNot,codeMetaSort) values (83,'eBookType','電子書媒體','CodeMain','codeId','','codeValue','代碼值','codeShow','顯示值','codeSort','排序值','購物管理','1',100);
insert into CodeMetaDef (codeMetaSeq,codeMetaId,codeMetaName,codeMetaTblName,codeMetaSrcFld,codeMetaSrcItem,codeMetaValueFld,codeMetaValueFldName,codeMetaShowFld,codeMetaShowFldName,codeMetaSortFld,codeMetaSortFldName,codeMetaType,showOrNot,codeMetaSort) values (84,'shelvesThemeMuti','主題故事上架批次管理','CodeMain','codeId','shelvesThemeMuti','codeValue','代碼值','codeShow','顯示值','codeSort','排序值','上架','1',100);
insert into CodeMetaDef (codeMetaSeq,codeMetaId,codeMetaName,codeMetaTblName,codeMetaSrcFld,codeMetaSrcItem,codeMetaValueFld,codeMetaValueFldName,codeMetaShowFld,codeMetaShowFldName,codeMetaSortFld,codeMetaSortFldName,codeMetaType,showOrNot,codeMetaSort) values (85,'reviewYN','是否審核通過','CodeMain','codeId','reviewYN','codeValue','代碼值','codeShow','顯示值','codeSort','排序值','代碼參照','1',100);
insert into CodeMetaDef (codeMetaSeq,codeMetaId,codeMetaName,codeMetaTblName,codeMetaSrcFld,codeMetaSrcItem,codeMetaValueFld,codeMetaValueFldName,codeMetaShowFld,codeMetaShowFldName,codeMetaSortFld,codeMetaSortFldName,codeMetaType,showOrNot,codeMetaSort) values (86,'alertMsg','alert訊息','CodeMain','codeId','alertMsg','codeValue','代碼值','codeShow','顯示值','codeSort','排序值','系統提示訊息','1',100);
insert into CodeMetaDef (codeMetaSeq,codeMetaId,codeMetaName,codeMetaTblName,codeMetaSrcFld,codeMetaSrcItem,codeMetaValueFld,codeMetaValueFldName,codeMetaShowFld,codeMetaShowFldName,codeMetaSortFld,codeMetaSortFldName,codeMetaType,showOrNot,codeMetaSort) values (87,'adLogin','登入頁廣告節點','CodeMain','codeId','adLogin','codeValue','代碼值','codeShow','顯示值','codeSort','排序值','上架','1',100);
insert into CodeMetaDef (codeMetaSeq,codeMetaId,codeMetaName,codeMetaTblName,codeMetaSrcFld,codeMetaSrcItem,codeMetaValueFld,codeMetaValueFldName,codeMetaShowFld,codeMetaShowFldName,codeMetaSortFld,codeMetaSortFldName,codeMetaType,showOrNot,codeMetaSort) values (88,'shelvesNpFocusMuti','Np頁面焦點批次攻能','CodeMain','codeId','shelvesNpFocusMuti','codeValue','代碼值','codeShow','顯示值','codeSort','排序值','上架','1',100);
insert into CodeMetaDef (codeMetaSeq,codeMetaId,codeMetaName,codeMetaTblName,codeMetaSrcFld,codeMetaSrcItem,codeMetaValueFld,codeMetaValueFldName,codeMetaShowFld,codeMetaShowFldName,codeMetaSortFld,codeMetaSortFldName,codeMetaType,showOrNot,codeMetaSort) values (89,'autoShelvesUser','自動上架人員','CodeMain','codeId','autoShelvesUser','codeValue','代碼值','codeShow','顯示值','codeSort','排序值','上架','1',100);
insert into CodeMetaDef (codeMetaSeq,codeMetaId,codeMetaName,codeMetaTblName,codeMetaSrcFld,codeMetaSrcItem,codeMetaValueFld,codeMetaValueFldName,codeMetaShowFld,codeMetaShowFldName,codeMetaSortFld,codeMetaSortFldName,codeMetaType,showOrNot,codeMetaSort) values (90,'freightStatus','出貨狀態','CodeMain','codeId','','codeValue','代碼值','codeShow','顯示值','codeSort','排序值','購物管理','1',100);
insert into CodeMetaDef (codeMetaSeq,codeMetaId,codeMetaName,codeMetaTblName,codeMetaSrcFld,codeMetaSrcItem,codeMetaValueFld,codeMetaValueFldName,codeMetaShowFld,codeMetaShowFldName,codeMetaSortFld,codeMetaSortFldName,codeMetaType,showOrNot,codeMetaSort) values (91,'ovOrderStatus','訂單狀態','CodeMain','codeId','','codeValue','代碼值','codeShow','顯示值','codeSort','排序值','購物管理','1',100);
insert into CodeMetaDef (codeMetaSeq,codeMetaId,codeMetaName,codeMetaTblName,codeMetaSrcFld,codeMetaSrcItem,codeMetaValueFld,codeMetaValueFldName,codeMetaShowFld,codeMetaShowFldName,codeMetaSortFld,codeMetaSortFldName,codeMetaType,showOrNot,codeMetaSort) values (92,'ovGoods','商品類型','CodeMain','codeId','','codeValue','代碼值','codeShow','顯示值','codeSort','排序值','購物管理','1',100);
insert into CodeMetaDef (codeMetaSeq,codeMetaId,codeMetaName,codeMetaTblName,codeMetaSrcFld,codeMetaSrcItem,codeMetaValueFld,codeMetaValueFldName,codeMetaShowFld,codeMetaShowFldName,codeMetaSortFld,codeMetaSortFldName,codeMetaType,showOrNot,codeMetaSort) values (93,'memIdentity4LS','講座訂單的會員狀態','CodeMain','codeId','memIdentity4LS','codeValue','代碼值','codeShow','顯示值','codeSort','排序值','購物管理','1',100);
insert into CodeMetaDef (codeMetaSeq,codeMetaId,codeMetaName,codeMetaTblName,codeMetaSrcFld,codeMetaSrcItem,codeMetaValueFld,codeMetaValueFldName,codeMetaShowFld,codeMetaShowFldName,codeMetaSortFld,codeMetaSortFldName,codeMetaType,showOrNot,codeMetaSort) values (94,'imgSort','圖片排序','CodeMain','codeId','imgSort','codeValue','代碼值','codeShow','顯示值','codeSort','排序值','代碼參照','1',100);
insert into CodeMetaDef (codeMetaSeq,codeMetaId,codeMetaName,codeMetaTblName,codeMetaSrcFld,codeMetaSrcItem,codeMetaValueFld,codeMetaValueFldName,codeMetaShowFld,codeMetaShowFldName,codeMetaSortFld,codeMetaSortFldName,codeMetaType,showOrNot,codeMetaSort) values (95,'paidMode','付款方式','CodeMain','codeId','','codeValue','代碼值','codeShow','顯示值','codeSort','排序','購物管理','1',100);
insert into CodeMetaDef (codeMetaSeq,codeMetaId,codeMetaName,codeMetaTblName,codeMetaSrcFld,codeMetaSrcItem,codeMetaValueFld,codeMetaValueFldName,codeMetaShowFld,codeMetaShowFldName,codeMetaSortFld,codeMetaSortFldName,codeMetaType,showOrNot,codeMetaSort) values (96,'billingStatus','請款狀態','CodeMain','codeId','','codeValue','代碼值','codeShow','顯示值','codeSort','排序值','購物管理','1',100);
insert into CodeMetaDef (codeMetaSeq,codeMetaId,codeMetaName,codeMetaTblName,codeMetaSrcFld,codeMetaSrcItem,codeMetaValueFld,codeMetaValueFldName,codeMetaShowFld,codeMetaShowFldName,codeMetaSortFld,codeMetaSortFldName,codeMetaType,showOrNot,codeMetaSort) values (97,'nodeLayerCode','單元層數','CodeMain','codeId','nodeLayerCode','codeValue','代碼值','codeShow','顯示值','codeSort','排序值','版面管理','1',100);
insert into CodeMetaDef (codeMetaSeq,codeMetaId,codeMetaName,codeMetaTblName,codeMetaSrcFld,codeMetaSrcItem,codeMetaValueFld,codeMetaValueFldName,codeMetaShowFld,codeMetaShowFldName,codeMetaSortFld,codeMetaSortFldName,codeMetaType,showOrNot,codeMetaSort) values (98,'mpDataStyle','首頁資料區塊樣版','CodeMain','codeId','mpDataStyle','codeValue','代碼值','codeShow','顯示值','codeSort','排序值','版面管理','1',100);
insert into CodeMetaDef (codeMetaSeq,codeMetaId,codeMetaName,codeMetaTblName,codeMetaSrcFld,codeMetaSrcItem,codeMetaValueFld,codeMetaValueFldName,codeMetaShowFld,codeMetaShowFldName,codeMetaSortFld,codeMetaSortFldName,codeMetaType,showOrNot,codeMetaSort) values (99,'npDataStyle','子首頁資料區塊樣式','CodeMain','codeId','npDataStyle','codeValue','代碼值','codeShow','顯示值','codeSort','排序值','版面管理','1',100);
insert into CodeMetaDef (codeMetaSeq,codeMetaId,codeMetaName,codeMetaTblName,codeMetaSrcFld,codeMetaSrcItem,codeMetaValueFld,codeMetaValueFldName,codeMetaShowFld,codeMetaShowFldName,codeMetaSortFld,codeMetaSortFldName,codeMetaType,showOrNot,codeMetaSort) values (100,'npStyle','子首頁區塊樣式','CodeMain','codeId','npStyle','codeValue','代碼值','codeShow','顯示值','codeSort','排序值','版面管理','1',100);
insert into CodeMetaDef (codeMetaSeq,codeMetaId,codeMetaName,codeMetaTblName,codeMetaSrcFld,codeMetaSrcItem,codeMetaValueFld,codeMetaValueFldName,codeMetaShowFld,codeMetaShowFldName,codeMetaSortFld,codeMetaSortFldName,codeMetaType,showOrNot,codeMetaSort) values (101,'lpGroupStyle','條列群集區塊樣式','CodeMain','codeId','lpGroupStyle','codeValue','代碼值','codeShow','顯示值','codeSort','排序值','版面管理','1',100);
insert into CodeMetaDef (codeMetaSeq,codeMetaId,codeMetaName,codeMetaTblName,codeMetaSrcFld,codeMetaSrcItem,codeMetaValueFld,codeMetaValueFldName,codeMetaShowFld,codeMetaShowFldName,codeMetaSortFld,codeMetaSortFldName,codeMetaType,showOrNot,codeMetaSort) values (102,'lpDataStyle','條列資料區塊樣式','CodeMain','codeId','lpDataStyle','codeValue','代碼值','codeShow','顯示值','codeSort','排序值','版面管理','1',100);
insert into CodeMetaDef (codeMetaSeq,codeMetaId,codeMetaName,codeMetaTblName,codeMetaSrcFld,codeMetaSrcItem,codeMetaValueFld,codeMetaValueFldName,codeMetaShowFld,codeMetaShowFldName,codeMetaSortFld,codeMetaSortFldName,codeMetaType,showOrNot,codeMetaSort) values (103,'lpStyle','條列區塊樣式','CodeMain','codeId','lpStyle','codeValue','代碼值','codeShow','顯示值','codeSort','排序值','版面管理','1',100);
insert into CodeMetaDef (codeMetaSeq,codeMetaId,codeMetaName,codeMetaTblName,codeMetaSrcFld,codeMetaSrcItem,codeMetaValueFld,codeMetaValueFldName,codeMetaShowFld,codeMetaShowFldName,codeMetaSortFld,codeMetaSortFldName,codeMetaType,showOrNot,codeMetaSort) values (104,'retcode','金流回傳訊息對照','CodeMain','codeId','','codeValue','代碼值','codeShow','顯示值','codeSort','排序值','購物管理','1',100);
insert into CodeMetaDef (codeMetaSeq,codeMetaId,codeMetaName,codeMetaTblName,codeMetaSrcFld,codeMetaSrcItem,codeMetaValueFld,codeMetaValueFldName,codeMetaShowFld,codeMetaShowFldName,codeMetaSortFld,codeMetaSortFldName,codeMetaType,showOrNot,codeMetaSort) values (105,'lectureInfoBat','報名資料資料管理','CodeMain','codeId','','codeValue','代碼值','codeShow','顯示值','codeSort','排序值','上架','1',100);
insert into CodeMetaDef (codeMetaSeq,codeMetaId,codeMetaName,codeMetaTblName,codeMetaSrcFld,codeMetaSrcItem,codeMetaValueFld,codeMetaValueFldName,codeMetaShowFld,codeMetaShowFldName,codeMetaSortFld,codeMetaSortFldName,codeMetaType,showOrNot,codeMetaSort) values (106,'shelvesECMail','EC上架Mail','CodeMain','codeId','shelvesECMail','codeValue','代碼值','codeShow','顯示值','codeSort','排序值','上架','1',100);
insert into CodeMetaDef (codeMetaSeq,codeMetaId,codeMetaName,codeMetaTblName,codeMetaSrcFld,codeMetaSrcItem,codeMetaValueFld,codeMetaValueFldName,codeMetaShowFld,codeMetaShowFldName,codeMetaSortFld,codeMetaSortFldName,codeMetaType,showOrNot,codeMetaSort) values (107,'lectureType','講座票務類型','CodeMain','codeId','','codeValue','代碼值','codeShow','顯示值','codeSort','排序值','購物管理','1',100);
insert into CodeMetaDef (codeMetaSeq,codeMetaId,codeMetaName,codeMetaTblName,codeMetaSrcFld,codeMetaSrcItem,codeMetaValueFld,codeMetaValueFldName,codeMetaShowFld,codeMetaShowFldName,codeMetaSortFld,codeMetaSortFldName,codeMetaType,showOrNot,codeMetaSort) values (108,'memLoginType','登入型態','CodeMain','codeId','memLoginType','codeValue','代碼值','codeShow','顯示值','codeSort','排序值','代碼參照','1',100);
insert into CodeMetaDef (codeMetaSeq,codeMetaId,codeMetaName,codeMetaTblName,codeMetaSrcFld,codeMetaSrcItem,codeMetaValueFld,codeMetaValueFldName,codeMetaShowFld,codeMetaShowFldName,codeMetaSortFld,codeMetaSortFldName,codeMetaType,showOrNot,codeMetaSort) values (112,'oldWebsite','舊網站','CodeMain','codeId','oldWebsite','codeValue','代碼值','codeShow','顯示值','codeSort','排序值','舊站台','1',100);
insert into CodeMetaDef (codeMetaSeq,codeMetaId,codeMetaName,codeMetaTblName,codeMetaSrcFld,codeMetaSrcItem,codeMetaValueFld,codeMetaValueFldName,codeMetaShowFld,codeMetaShowFldName,codeMetaSortFld,codeMetaSortFldName,codeMetaType,showOrNot,codeMetaSort) values (113,'emailSubject','信件標題','CodeMain','codeId','','codeValue','代碼值','codeShow','顯示值','codeSort','排序值','系統提示訊息','1',100);
SET IDENTITY_INSERT dbo.CodeMetaDef OFF;


